Language_ID	AUTOTYP_area	Longitude	Latitude
abad1241	S New Guinea	146.992	-9.03389
abar1238	African Savannah	10.2267	6.5805
abau1245	N Coast New Guinea	141.324	-3.97222
abee1242	African Savannah	-4.38497	5.59682
aben1249	Oceania	120.2	15.4131
abip1241	SE South America	-61	-29
abkh1244	Greater Mesopotamia	41.159115	43.056218
abua1245	N Coast New Guinea	142.917031	-3.461612
abui1241	Oceania	124.588	-8.31058
abun1252	N Coast New Guinea	132.416	-0.57073
acha1249	Southeast Asia	97.7438	24.3479
acha1250	NE South America	-72.2005	4.38649
ache1245	African Savannah	30.3187	10.8827
ache1246	SE South America	-56.4697	-25.5865
achi1256	Mesoamerica	-90.3513	15.073
achi1257	Southeast Asia	96.6032	3.90757
achu1247	California	-121.191	41.0979
achu1248	NE South America	-77.2641	-2.82646
acol1236	S Africa	32.5147	3.57738
adan1251	Oceania	124.448	-8.18958
adny1235	S Australia	138.671	-30.1451
adon1237	Oceania	123.159	-8.32027
adze1240	N Coast New Guinea	146.294	-6.39394
aeky1238	S New Guinea	141.532	-5.88478
afad1236	African Savannah	14.6343	12.0551
afar1241	Greater Abyssinia	41.8083	12.2281
aghe1239	African Savannah	10.0807	6.38956
aghu1254	N Australia	142.426	-13.735
aghu1255	S New Guinea	140.043	-6.34674
aghw1237	Greater Mesopotamia	47.126667	40.374444
agob1244	S New Guinea	142.532	-9.08521
agua1253	NE South America	-77.9218	-5.30044
agus1235	Oceania	125.742	8.62731
agut1237	Oceania	119.655	10.5328
aheu1239	Southeast Asia	104.229	17.7655
ahin1234	Oceania	120.90003	16.321
ahom1240	Indic	88.464	27.2778
aika1237	NE South America	-60.5353	-12.6695
aime1238	S New Guinea	142.656	-6.68656
ainu1240	N Coast Asia	142.46167	43.633654
aito1238	Indic	92.3169	26.5145
ajab1235	African Savannah	1.64992	7.06634
ajas1235	African Savannah	25.6122	8.58003
ajie1238	Oceania	165.468	-21.3029
ajyi1238	NE South America	-74.61947	-9.82364
akab1249	Southeast Asia	92.7818	12.3782
akaj1239	Southeast Asia	92.9504	13.1525
akan1250	African Savannah	-1.33254	6.34756
akei1237	Oceania	166.767	-15.6377
akha1245	Southeast Asia	100.964	21.2309
akka1240	Greater Mesopotamia	44.1	33.1
akla1240	Oceania	122.35413	11.55432
akoo1248	African Savannah	9.65522	4.9243
akun1241	NE South America	-60.9716	-12.8322
alab1237	E North America	-94.62848	30.76738
alab1254	Greater Abyssinia	38.1732	7.39014
alac1244	Mesoamerica	-98.58	17.25
alag1248	S Africa	35.7231	-4.64148
alam1246	N Coast New Guinea	143.316	-4.66307
alba1269	Oceania	123.49	13.1989
aleu1260	N Coast Asia	-174.29	52.1228
alor1247	Oceania	124.264	-8.20382
alse1251	Alaska-Oregon	-123.94	44.408
aluk1238	Indic	76.7995	11.3456
alya1239	S Australia	136.835	-21.0427
amah1246	NE South America	-72.3208	-10.2012
amam1246	S New Guinea	146.92	-7.9
amap1240	N Coast New Guinea	141.658	-4.20192
amar1272	N Coast New Guinea	148.68	-5.55778
amar1274	NE South America	-70.5533	-12.4931
amas1236	African Savannah	29.4332	12.0993
ambo1250	Oceania	128.184	-3.71342
ambu1247	N Coast New Guinea	143.059	-3.7801
amdo1237	Inner Asia	100.485	34.5177
amha1245	Greater Abyssinia	39.543456	11.708182
amii1238	N Australia	130.04	-13.5573
amis1246	Oceania	121.348	23.0917
amri1238	Indic	91.482	26.024
anci1242	Europe	21.9129	39.8155
anci1244	Greater Mesopotamia	35.1725	31.7761
ando1256	NE South America	-72.0869	-0.53751
anei1239	Oceania	169.825	-20.1864
anem1249	N Coast New Guinea	148.993	-5.54836
anfi1235	Greater Abyssinia	34.647	8.568
anga1288	Southeast Asia	93.8668	25.6841
anga1290	Interior New Guinea	146.352	-7.15012
ango1257	NE South America	-71.9212	6.54198
anin1240	N Australia	136.6415	-13.99904
anta1255	S Africa	49.2402	-13.2164
anua1242	Greater Abyssinia	34.0267	7.57714
anuf1239	African Savannah	0.56021	10.2839
anut1237	Oceania	169.85	-11.61
anuu1241	Indic	93.05	21.5
aona1235	Southeast Asia	94.3824	26.3241
aoua1234	Southeast Asia	105.85	26.8
apat1240	Indic	93.7284	27.1933
apin1244	NE South America	-47.6315	-6.10774
apma1240	Oceania	168.189	-15.8559
apma1241	N Coast New Guinea	144.085	-4.35147
apol1242	Andean	-68.66	-14.83
apur1254	NE South America	-66.7714	-8.21692
arab1267	S Australia	135.449	-28.705
arak1252	Oceania	166.952542	-15.632997
aram1253	S New Guinea	141.445	-8.29593
arao1248	NE South America	-67.7293	-12.4242
arap1274	Basin and Plains	-108.81	43.3879
araw1273	NE South America	-52.5001	-4.90246
araw1276	NE South America	-56.9243	5.64295
arbo1245	Greater Abyssinia	36.7986	4.92183
arch1244	Greater Mesopotamia	46.8267	42.3239
area1240	Oceania	161.158	-9.20699
aree1239	S New Guinea	149.999	-9.67147
argo1244	Greater Abyssinia	39.756	10.6596
arhu1242	NE South America	-73.6363	10.7018
arib1241	N Coast New Guinea	146.991	-6.72266
arig1246	African Savannah	5.89556	7.56324
arik1265	NE South America	-62.7261	-12.4878
arom1237	Europe	21.2	40.616
arop1242	N Coast New Guinea	142.12	-3.06984
arop1243	N Coast New Guinea	147.103	-5.31671
aros1241	Oceania	161.432	-10.2441
arta1239	Oceania	121.656	16.4185
asha1243	Andean	-73.9073	-11.9311
ashe1272	Andean	-74.9153	-10.9777
asoa1238	S Africa	26.7198	2.26818
assi1247	Basin and Plains	-106.068	49.2923
asur1254	Indic	83.4562	21.5721
asut1235	S Africa	37.8323	-4.17978
atak1252	E North America	-93.0827	30.9121
atam1239	N Australia	142.273	-11.0018
atam1240	Oceania	125.499	7.7789
atay1247	Oceania	121.388	24.5209
athp1241	Indic	87.3296	26.8794
atii1237	Oceania	122.512	11.1539
aton1241	Indic	90.658722	25.346508
aulu1238	Oceania	167.697	-16.3579
auuu1241	N Coast New Guinea	142.105	-3.53277
auye1238	N Coast New Guinea	136.096	-3.43705
avac1239	NE South America	-48.1336	-13.6081
avat1244	African Savannah	0.41314	6.8688
avok1242	African Savannah	29.9379	4.38639
awab1243	S Australia	151.43555	-33.12847
awac1239	Andean	-78.3401	1.21652
awad1243	Indic	82.4663	27.5907
awad1244	N Coast New Guinea	146.355	-5.59896
awap1236	Interior New Guinea	145.714	-6.65534
awar1248	N Coast New Guinea	146.372	-6.16986
awar1249	N Coast New Guinea	144.836	-4.13554
awet1244	NE South America	-53.391944	-12.381944
awji1241	N Africa	21.1819	29.2341
awtu1239	N Coast New Guinea	141.928	-3.53129
axam1237	Oceania	167.707	-16.4838
axiy1235	Southeast Asia	103.713	24.6009
ayac1239	Andean	-74.32246	-13.84714
ayiw1239	Oceania	166.328715	-10.282595
azha1235	Southeast Asia	104.15	23.9
baba1264	African Savannah	10.5216	6.11222
baba1266	African Savannah	10.2869	5.97863
baba1267	Southeast Asia	103.076	1.75414
baba1268	Oceania	157.149	-7.22281
babi1235	Alaska-Oregon	-126.41	55.0997
bada1257	Indic	76.5974	11.3094
bafa1247	African Savannah	9.522	4.53307
bafi1243	African Savannah	11.0982	4.72603
bafu1246	African Savannah	10.1194	6.14153
baga1272	African Savannah	-14.4756	10.4793
baga1273	African Savannah	-13.947	10.1286
bagi1246	African Savannah	14.769495	11.52392
bagv1239	Greater Mesopotamia	46.1041	42.3966
baha1259	Greater Mesopotamia	50.580811	26.223615
baha1260	E North America	-77.390587	25.032149
bahi1252	Indic	86.3949	27.3323
bahn1262	Southeast Asia	108.471	14.0476
baik1238	Oceania	124.256	-9.32991
baim1244	Southeast Asia	103.952	33.1001
baka1272	African Savannah	13.7804	2.16013
baka1274	African Savannah	29.59	4.65943
baki1244	Oceania	168.165	-16.7096
bala1311	Oceania	121.686646	6.011614
bala1315	Oceania	123.289	-0.86809
bala1316	Oceania	164.2	-20.25
bali1278	Southeast Asia	115.075	-8.35714
balo1261	S Africa	18.1266	0.93777
balu1257	N Coast New Guinea	147.282	-2.5604
bamb1262	Greater Abyssinia	34.6522	9.82554
bamb1266	African Savannah	10.2233	6.10821
bamb1269	African Savannah	-7.65	12.9
bamb1270	Oceania	119.201	-3.02759
bamu1253	African Savannah	10.8477	5.49017
bamw1238	S Africa	19.1644	2.16773
bana1288	Oceania	121.05	17.5643
band1340	African Savannah	-16.4245	12.5258
band1344	African Savannah	20.9827	6.21563
bang1354	S Africa	17.227	-0.87437
bang1363	African Savannah	-3.77092	14.8116
bang1369	Indic	93.15	27.95
bani1255	NE South America	-67.7704	2.17859
bank1256	African Savannah	9.6403	4.3702
bann1247	Oceania	155.128	-6.23061
bant1281	Indic	87.04738	27.12147
bant1288	Oceania	122.034	12.5194
bara1357	Indic	85.0584	28.3768
bara1361	S Africa	26.861	3.34642
bara1369	Southeast Asia	45.5937	-23.9716
bara1370	Southeast Asia	114.482	3.51211
bara1380	NE South America	-70.808	0.02193
bard1255	N Australia	122.906	-16.6274
bare1276	NE South America	-66.828	1.91649
bare1279	African Savannah	17.911727	10.970124
barg1252	N Coast New Guinea	145.756	-4.8723
bari1286	N Coast New Guinea	148.666	-5.5087
baro1253	N Coast New Guinea	152.193	-3.47672
basa1282	African Savannah	7.06183	8.03159
basa1287	Oceania	121.857	25.0046
bash1264	Inner Asia	56.55937	53.59671
basq1248	Europe	-1.31622	43.2787
bata1285	African Savannah	9.51011	1.397041
bata1289	Southeast Asia	99.1761	2.35498
bata1293	Southeast Asia	98.2517	2.12787
bats1242	Greater Mesopotamia	45.344	42.1806
baur1253	NE South America	-63.68	-13.61
bauz1241	N Coast New Guinea	137.629	-2.44717
bawm1236	Indic	92.92553	22.4405233333
bayb1234	Oceania	124.8086	10.6956
bayo1255	African Savannah	-16.3947	12.6881
bebe1248	African Savannah	12.824	4.78874
beel1236	African Savannah	10.4204	10.1609
beem1239	S Africa	14.1	-3.95895
beja1238	N Africa	36.6666	17.2436
beka1241	Southeast Asia	109.576	1.3307
bekw1241	African Savannah	8.86489	6.73737
bekw1242	S Africa	14.6527	1.71801
bela1254	Inner Asia	25.6038	53.2307
bela1256	African Savannah	27.8232	6.6503
bela1260	Southeast Asia	114.933	4.96207
belh1239	Indic	87.2783	26.9972
beli1257	African Savannah	29.7954	6.40428
beli1260	Mesoamerica	-88.6281	17.3941
bell1243	Alaska-Oregon	-126.689	52.3448
belu1239	S Africa	28.933744	1.314698
bemb1257	S Africa	29.2993	-10.6122
bena1262	S Africa	35.0364	-9.26671
benc1235	Greater Abyssinia	35.7673	7.04682
beng1282	African Savannah	9.600739	1.075766
bent1238	African Savannah	-2.94	14.78
bera1262	Southeast Asia	117.934	1.6687
berb1259	NE South America	-58.0002	5.3829
bert1248	African Savannah	34.7042	10.6474
beta1252	Southeast Asia	107.022	-6.21174
beto1236	NE South America	-71.420238	7.223906
bezh1248	Greater Mesopotamia	46.0332	42.1206
bhoj1244	Indic	84.817115	26.458455
biaf1240	African Savannah	-15.1347	11.467
biak1248	N Coast New Guinea	135.879	-0.9523
bian1252	S New Guinea	146.765	-7.33882
biao1253	Southeast Asia	113.391	23.656
biao1254	Southeast Asia	111.344	25.5309
biao1256	Southeast Asia	113.469	24.6451
biat1246	Southeast Asia	110.254	1.17596
bidy1244	African Savannah	-16.1497	11.1097
bier1244	Oceania	168.154	-16.6663
bign1238	Oceania	167.239	-16.0903
biha1246	Southeast Asia	108.016667	12.483333
bila1255	S Africa	28.7626	1.16839
bilb1241	N Coast New Guinea	145.764	-5.26505
bili1260	Greater Abyssinia	38.3917	15.7833
bilu1245	Oceania	156.663	-7.92388
bimi1240	Interior New Guinea	142.04	-5.38732
bina1277	S New Guinea	147.884	-8.37433
bine1240	S New Guinea	142.893	-9.08879
bini1246	African Savannah	5.70426	6.40701
binu1244	Oceania	124.892	8.15933
bira1253	Greater Abyssinia	37.025	5.29807
biri1256	S Australia	146.67	-20.1494
birr1240	African Savannah	24.6	5.33
bisl1239	Oceania	166.89	-15.4
bisu1244	Southeast Asia	99.9862	20.8542
bitt1240	Southeast Asia	101.916	21.3474
biwa1243	N Coast New Guinea	143.873	-4.39429
blab1237	Oceania	159.419	-8.15058
blan1242	Southeast Asia	99.7405	22.0092
bobo1255	Oceania	121.922	-0.36759
bodo1267	Indic	82.771	18.3857
bodo1269	Indic	92	26.1
bodo1272	African Savannah	26	6
boht1238	Greater Mesopotamia	45.084	41.459
boka1249	Indic	94.066429	28.61433
bola1250	N Coast New Guinea	150.095	-5.55792
bolg1251	African Savannah	18.8076	10.9025
boli1256	Oceania	119.853	16.3071
bolo1262	S Africa	18.4555	0.83463
boly1239	Southeast Asia	104.955	24.7013
bomb1262	S Africa	18.7841	2.40195
bomk1234	African Savannah	-11.59696	9.27518
bona1250	Inner Asia	102.01778	35.515
bond1245	Indic	83.8141	19.1512
bond1247	S Africa	38.5079	-5.10749
bong1284	S Africa	16.6079	0.37063
bong1285	African Savannah	27.9918	7.4145
bong1289	Southeast Asia	117.174	7.29249
bora1263	NE South America	-72.257066	-2.000259
bora1271	S Africa	37.882	1.05676
bord1248	Andean	-77.1664	7.92993
bori1243	Indic	94.3538	27.62812
boro1277	Greater Abyssinia	35.345	10.6596
boro1282	NE South America	-55.2004	-16.6029
boru1252	Mesoamerica	-83.2124	8.88093
boto1242	Oceania	120.164	15.2315
boun1243	African Savannah	-2.74627	8.46011
boun1245	Interior New Guinea	144.086	-5.8626
bouy1240	Southeast Asia	106.187	24.8484
bowa1234	N Coast New Guinea	147.14267	-2.03429
brah1256	Greater Mesopotamia	66.56	29.04
bret1244	Europe	-3.78934	48.2452
brib1243	Mesoamerica	-83.0539	9.39794
bube1242	African Savannah	8.68929	3.53638
bubi1250	S Africa	12.32251	-1.16762
budu1248	Greater Mesopotamia	48.3353	41.2272
budu1265	African Savannah	14.4492	13.0692
budz1238	S Africa	22.6107	2.19951
buga1247	Southeast Asia	104.963	23.6124
buga1250	N Coast New Guinea	147.32	-6.67519
bugh1239	Oceania	159.802	-8.47948
bugi1244	Oceania	119.977	-4.47
bugl1243	Mesoamerica	-81.25648	8.57695
bugu1246	Indic	92.4713002	27.1929556
buhu1237	S New Guinea	150.18	-10.5074
bujh1238	Indic	84.5068	28.0084
buka1257	Southeast Asia	110.657	0.96817
buki1249	N Coast New Guinea	143.111	-3.47169
buku1249	S Africa	34.7719	0.68043
bula1255	S Australia	138.1566659	-21.02656922
bull1247	African Savannah	-13.16	9
bulo1242	Southeast Asia	106.798	11.9777
bulu1251	African Savannah	11.6365	3.16141
bumt1240		90.8037	27.6494
buna1276	S New Guinea	151.066	-10.0761
buna1278	Oceania	125.216	-9.13618
bund1253	Indic	78.9542	24.8982
bunu1267	Oceania	121.025	23.4116
buol1237	Oceania	121.519	0.97727
bura1267	N Australia	134.365	-12.3061
bura1292	African Savannah	12.3007	10.4822
bure1242	African Savannah	10.4554	10.4603
burj1242	Greater Abyssinia	38.4646	4.44624
burm1264	N Coast New Guinea	138.203	-2.47582
buru1296	Indic	74.8236	36.2161
buru1303	Oceania	126.632	-3.43957
buru1320	S Africa	35.963	-5.21369
busa1253	African Savannah	4.39929	9.91074
bush1247	S Africa	21.4556	-4.69463
buta1242	N Coast New Guinea	152.245674	-4.471696
buwa1243	African Savannah	13.8838	10.6151
bwai1242	S New Guinea	150.297	-9.51158
bwat1240	Oceania	165.076	-21.3777
byan1241	Indic	80.63653	29.92002
caac1237	Oceania	164.578	-20.4114
cabe1245	Mesoamerica	-83.4102	9.67031
cacu1241	NE South America	-69.5659	0.88778
cahu1264	Mesoamerica	-116.691	33.5324
cakf1236	African Savannah	9.16071	9.00924
cald1236	Andean	-78.2587	-0.36205
caml1239	Indic	86.7612	27.3371
camp1261	Europe	9.03935	39.0566
cams1241	Andean	-76.8931	1.14537
cane1242	NE South America	-45.1299	-6.10712
cani1243	NE South America	-64.944455	-14.3058
caom1238	Southeast Asia	109.547	26.2236
capa1241	NE South America	-74.3813	-6.63254
cari1276	NE South America	-54.6305	5.62695
carn1240	Southeast Asia	92.7671	9.18853
caro1242	Oceania	145.765	15.205
cash1251	NE South America	-75.4206	-8.70232
casi1235	Oceania	121.878	16.2176
cata1286	E North America	-80.8857	34.9685
cavi1250	NE South America	-66.6277	-13.3544
cayu1262	NE South America	-65.4822	-13.2482
cebu1242	Oceania	124.367	8.38799
cemu1238	Oceania	165.13	-20.8489
cent1972	Greater Mesopotamia	45.8077	35.6539
cent1989	Southeast Asia	105.015	12.0515
cent1990	Southeast Asia	93.3921	7.94812
cent1992	Southeast Asia	107.301	12.6313
cent2004	Southeast Asia	99.7052	26.1666
cent2050	African Savannah	13.13	11.8
cent2058	Oceania	168.135	-15.0784
cent2060	NA	NA	NA
cent2084	Oceania	121.857	17.9571
cent2087	Oceania	123.403	13.7574
cent2090	Oceania	119.338	10.6519
cent2091	Oceania	117.838	8.77013
cent2100	Southeast Asia	116.681	6.02998
cent2126	N Coast Asia	127.7816	26.14854
cent2127	Alaska-Oregon	-161.486	60.3062
cent2131	Mesoamerica	-107.154	27.5648
cent2140	California	-120.257	38.0812
cent2142	Andean	-68.5	-17
cent2150	NE South America	-72.097	6.8867
cent2292	Oceania	120.92	17.08
cent2314	Southeast Asia	102.270556	12.608611
cent2322	Inner Asia	62.4023	61.1432
chac1249	Andean	-79.0508	0.71489
chac1251	NE South America	-66.7164	-12.133
chad1249	African Savannah	13.5	14.67
chak1270	Indic	92.5953	21.4134
chak1271	African Savannah	-1.90181	9.83446
chal1275	Greater Mesopotamia	43.5027	37.0972
cham1309	Greater Mesopotamia	45.995	42.5024
cham1312	Oceania	144.74474	13.438011
cham1315	SE South America	-58.2005	-20.5899
cham1318	NE South America	-75.6778	-5.1149
chan1313	Southeast Asia	94.9536	26.4336
char1269	Greater Abyssinia	36.4192	6.63946
chas1234	Southeast Asia	98.75	26.1
chec1245	Greater Mesopotamia	45.5	43.5
chek1238	Oceania	159.625	-8.27055
chen1255	Indic	79.2534	15.8787
chep1245	Indic	84.9017	27.7206
cher1273	E North America	-83.163	35.4664
chey1247	Basin and Plains	-106.659	45.5321
chhi1245	Indic	87.1899	26.961
chib1270	NE South America	-74.1666	6.24999
chic1270	E North America	-88	34
chig1238	S Africa	29.9122	-1.04387
chil1280	Alaska-Oregon	-123.24458	51.98952
chim1301	California	-123	41
chim1302	Andean	-78.8521	-1.36727
chim1309	NE South America	-74.2559	10.1902
chim1312	Greater Abyssinia	44.026991	1.111787
chin1286	Basin and Plains	-119.166	45.1729
chip1241	E North America	-94.2738	47.347
chip1261	E North America	-104.44	58.98
chiq1248	NE South America	-61.817795	-16.769554
chir1283	Southeast Asia	94.4072	25.4643
chit1248	E North America	-90.9123	30.3386
choc1275		91.21954	27.46961
choc1276	E North America	-88.5	32.25
chol1284	Andean	-75.9621	-9.23129
chon1284	Southeast Asia	102.514	12.5218
chot1239	Southeast Asia	94.2408	24.3722
chra1242	Southeast Asia	107.293	10.8021
chug1252	Indic	92.2255891	27.4177713
chuj1250	Mesoamerica	-91.76	15.8399
chuk1273	N Coast Asia	170.045	68.6436
chuu1238	Oceania	151.598607	7.346993
chuv1255	Inner Asia	47.16298	55.48701
chuw1238	S Africa	37.1231	-17.3428
cici1237	African Savannah	5.54073	11.0417
clas1249	Greater Mesopotamia	41.346422	38.592316
clas1250	Mesoamerica	-96.97	19.72
coah1252	Basin and Plains	-97.89	28.2589
coat1243	Mesoamerica	-96.7683	16.1463
coca1259	NE South America	-74	-4.5
coch1272	Mesoamerica	-114.077	29.04
coco1260	Southeast Asia	96.833679	-12.193342
coeu1236	Basin and Plains	-116.715	47.2958
cofa1242	NE South America	-77.0643	0.276675
cogu1240	NE South America	-73.8043	10.9485
colo1256	Andean	-79.2347	-0.21181
colu1241	Basin and Plains	-118.454	48.217
coma1245	Basin and Plains	-101	34
como1259	Alaska-Oregon	-124.967	49.7233
cong1236	S Africa	27.4196	-7.2692
coos1249	Alaska-Oregon	-124.16	43.4413
copa1237	Mesoamerica	-97.9826	17.1541
copt1239	N Africa	31.2053	29.472
cori1240	African Savannah	8.06	9.59
cors1241	Europe	9.25537	41.7
cosa1234	Southeast Asia	101.566667	21.616667
cota1241	Oceania	124.234	6.39417
cowl1242	Alaska-Oregon	-122.917	46.4167
cree1270	E North America	-87.5	31
crim1257	Inner Asia	34.08	45
cros1244	African Savannah	8.23592	6.16926
crow1244	Basin and Plains	-107.874	45.368
cuaa1241	Southeast Asia	108.431	15.1688
cube1242	NE South America	-70.1939	1.32382
culi1244	NE South America	-70.6648	-8.55268
cupe1243	Mesoamerica	-116.515	33.3148
curr1243	NE South America	-67.5028	0.69618
cusc1236	Andean	-71.7663	-14.0853
cypr1248	Greater Mesopotamia	33.0943	35.1674
czec1258	Europe	15.10437	49.873398
daai1236	Southeast Asia	93.7853	20.7347
daak1235	Oceania	119.527	-1.21051
daas1238	Greater Abyssinia	35.9888	4.58879
dadi1250	S New Guinea	144.511	-6.65765
dagb1246	African Savannah	-0.43227	9.64745
dagi1241	African Savannah	29.9404	10.583
daha1245	S Africa	40.37	-2.1843
daka1243	Oceania	168.013	-16.2696
damp1237	Oceania	120.219	0.70234
dana1252	Southeast Asia	96.998	20.4957
dand1238	Indic	81.3598	18.7475
dani1285	Europe	9.36284	54.8655
dara1250	Indic	84.1357	27.8623
dard1243	African Savannah	18.7996	12.1187
darg1241	Greater Mesopotamia	47.4388	42.4257
darl1243	S Australia	142.695	-32.7021
darm1243	Indic	80.5439	29.8629
daur1238	Inner Asia	124	48
dawr1236	Greater Abyssinia	37	6.95
daww1239	NE South America	-67.2934	-0.1177
daza1242	African Savannah	15.8517	15.7358
defa1248	African Savannah	7.50186	4.58451
dege1246	African Savannah	6.80991	4.73373
dehu1237	Oceania	167.229	-20.8892
dera1245	N Coast New Guinea	140.947	-3.52309
dera1248	African Savannah	12.0256	10.072
desa1247	NE South America	-69.4955	0.58157
dhao1237	Oceania	122.658	-10.8098
dhar1247	S Australia	114.847	-24.0601
dhar1248	S Australia	150.593	-23.307
dhim1246	Southeast Asia	88.3798	26.6283
dhuw1249	N Australia	136.008	-12.7825
dibo1245	S Africa	17.2305	1.07773
dido1241	Greater Mesopotamia	45.8096	42.2646
dier1241	S Australia	138	-28.1667
diga1241	Indic	96.8803	28.4993
digo1243	S Africa	39.1752	-4.62101
dima1251	Indic	93.1806	25.4198
dime1235	Greater Abyssinia	36.3329	6.20951
diri1252	S Africa	20.6678	-18.1681
dizi1235	Greater Abyssinia	35.5763	6.1405
djam1255	N Australia	130.06	-15.0558
djam1256	N Australia	135.59	-12.021
djee1236	N Australia	134.097	-12.0133
djeo1235	NE South America	-64.6694	-12.038
djin1251	N Australia	133.659	-17.165
djin1253	N Australia	134.82	-12.462
dobe1238	Oceania	134.638	-6.32531
dobu1241	S New Guinea	150.825	-9.63239
doma1260	Indic	74.7984	36.3258
domm1246	Interior New Guinea	144.895	-6.03737
dong1285	Inner Asia	103.38952	35.66354
doro1266	S New Guinea	147.986	-9.56687
drun1238	Indic	98.49449	28.00792
dual1243	African Savannah	9.61877	4.10208
dumb1241	Oceania	166.531	-22.0947
dumi1241	Indic	86.75699	27.45849
duna1248	Interior New Guinea	142.475	-5.41439
dupa1235	Oceania	122.188	17.3748
dura1244	Indic	84.435	28.173
duru1236	Indic	82.4881	19.0534
dusn1237	N Coast New Guinea	134.391	-2.73859
dutc1256	Europe	5	52
dyan1250	S Australia	152.602	-30.8469
dyir1250	N Australia	145.544	-17.4516
dyul1238	African Savannah	-4.72007	10.4536
dzao1238	Southeast Asia	112.326	24.9754
dzon1239	Indic	89.581604	27.410786
east1236	Southeast Asia	107.644	15.8553
east2328	Inner Asia	48.405	55.8307
east2330	Southeast Asia	98.7613	19.0136
east2332	Southeast Asia	105.671	17.1311
east2333	Southeast Asia	108.354	12.3939
east2342	Southeast Asia	98.3359	19.8939
east2379	S Australia	135.046	-23.3583
east2440	Oceania	127.423	0.07337
east2443	Oceania	167.89	-15.3523
east2447	Oceania	-178.137222	-14.278717
east2449	NA	NA	NA
east2485	Southeast Asia	114.584	4.5915
east2516	Interior New Guinea	143.931	-6.32989
east2545	California	-122.586	38.5647
east2555	SE South America	-63.37	-20.42
east2556	Mesoamerica	-98.0978	20.5991
east2563	Southeast Asia	108.49	11.2853
east2690	Greater Mesopotamia	33.6113	29.6742
east2694	Oceania	123.5234	8.2475
east2773	Indic	86.033964	27.576985
east2782	S Africa	15.5	-5.25
egaa1242	African Savannah	-5.41732	5.56081
egyp1253	N Africa	31	31
eipo1242	Interior New Guinea	140.045	-4.33691
ekar1243	S New Guinea	136.018	-3.88974
elem1253	African Savannah	7.267	4.72964
elip1238	African Savannah	11.193	4.45694
elmo1238	S Africa	36.7619	2.79312
elna1235	Mesoamerica	-104.467	22.4099
emae1237	Oceania	168.399	-17.052
emai1241	African Savannah	5.84494	7.09089
embe1260	Andean	-76.7476	7.52721
embe1262	Andean	-76.0749	4.8791
enap1235	NE South America	-65.8483	6.95035
enuu1235	Southeast Asia	101.85	22.95
epen1239	Andean	-77.3566	4.25877
ersu1241	Southeast Asia	102.213	29.2867
erzy1239	Inner Asia	45.3901	52.8548
esan1238	African Savannah	6.33917	6.25685
esee1247	S New Guinea	148.376	-9.09451
esee1248	NE South America	-67.515	-11.7268
esim1238	African Savannah	9.86936	6.50094
esse1238	California	-121.867	36.5473
esto1258	Inner Asia	25.82	58.55
eton1253	African Savannah	11.3935	4.21045
etru1241	Europe	12.4833	41.9
eude1234	Mesoamerica	-110	28.5
even1259	Inner Asia	94.689	61.972
even1260	Inner Asia	130.914	70.6687
ewee1241	African Savannah	0.814975	6.46061
eyak1241	Alaska-Oregon	-144.762	60.4232
fait1240	Interior New Guinea	145.298	-5.59947
fala1243	Southeast Asia	92.3254633333	23.7892833333
fare1241	African Savannah	-0.81109	11.0918
faro1244	Europe	-6.88497	62.0732
fass1245	N Coast New Guinea	141.64	-3.10868
fasu1242	Interior New Guinea	143.284	-6.62687
fefe1239	African Savannah	10.1442	5.18158
fiji1243	Oceania	178.33	-18
fili1244	Oceania	123.464	12.265
filo1235	Mesoamerica	-97.5931	20.1415
fina1242	Oceania	121.11	17.0319
finn1310	Inner Asia	25.0677	60.661
finn1318	Inner Asia	25.5577	64.7628
fipa1238	S Africa	31.3442	-7.88963
foii1241	Interior New Guinea	143.495	-6.47258
fonn1241	African Savannah	1.66495	7.15484
fore1265	Inner Asia	88.2121	69.9829
fore1270	Interior New Guinea	145.5065	-6.64473
fran1266	Mesoamerica	-93.3633	17.3654
fuln1247	NE South America	-37.1402	-9.02591
furr1244	African Savannah	23.6401	12.0455
furu1242	S Africa	20.6448	4.485
futu1245	Oceania	170.215	-19.5303
fuyu1242	S New Guinea	147.312	-8.6371
gaaa1244	African Savannah	-0.18598	5.65488
gaaa1245	African Savannah	11.9603	8.4809
gaam1241	African Savannah	33.9797	11.4674
gaan1243	African Savannah	12.6479	10.2955
gada1258	Oceania	121.455	17.2238
gade1242	African Savannah	7.49869	8.71139
gaga1249	Inner Asia	28.02769	44.59876
gaga1251	N Australia	132.643	-12.5176
gahr1239	Indic	77.9596	32.2168
gala1264	African Savannah	10.2542	10.1258
gale1259	Oceania	128.44	2.31461
gali1258	Europe	-7.5343	42.2446
gali1262	NE South America	-56.8323	5.83772
galo1242	Indic	94.6884956	27.9805586
gamb1251	N Australia	126.27131	-14.29546
gami1243	S Australia	149.543	-29.9037
gamo1243	Greater Abyssinia	37.23808	6.27645
gana1278	S Australia	146.5	-38.58
gand1255	S Africa	32.15153	0.66884
gang1266	Southeast Asia	94.1681	24.5113
gang1267	N Australia	139.426	-17.5446
gant1244	Interior New Guinea	144.771	-5.28113
gapa1238	S New Guinea	149.854	-9.73317
gara1269	N Australia	137.72014	-17.4504
gari1256	Mesoamerica	-86.9091	15.3529
garo1247	Indic	90.462	25.2954
gata1239	Indic	82.984	18.6076
gayo1244	Southeast Asia	97.3456	4.3733
gbay1278	African Savannah	21.9707	5.57378
gbay1288	African Savannah	25	8.43391
geba1237	Southeast Asia	96.9492	19.4991
gebe1237	Oceania	129.424	-0.07877
geda1237	N Coast New Guinea	145.781	-5.18175
gela1263	Oceania	160.186	-9.04587
geme1244	African Savannah	20.6611	8.48359
geru1240	African Savannah	9.78484	10.4775
gese1240	Oceania	130.701	-3.8016
ghad1239	N Africa	10.0165	30.1168
ghan1242	Oceania	156.552	-8.02035
ghar1239	Oceania	159.917	-9.4791
gheg1238	Europe	21.3837	42.317
ghod1238	Greater Mesopotamia	46.2252	42.7428
ghom1257	N Africa	-4.6696	34.7979
gida1247	African Savannah	14.07845	9.874715
giiw1236	African Savannah	10.46037	10.35754
gilb1244	Oceania	173.64	0.179
gily1242	N Coast Asia	140.681	52.59
gira1247	N Coast New Guinea	145.423	-5.35342
giry1241	S Africa	39.6648	-3.30638
gizr1240	N Australia	142.804	-9.183
glav1244	African Savannah	13.8652	11.1334
gobu1238	S Africa	20.0194	5.01201
goem1240	African Savannah	9.72453	8.74455
gofa1235	Greater Abyssinia	37.05	6.57645
gogo1265	S New Guinea	142.874	-8.08527
gola1255	African Savannah	-10.8138	7.06193
goli1247	Interior New Guinea	144.8505	-6.2249
golo1234	African Savannah	26.85	7.75
goon1238	N Australia	126.351	-18.4073
goro1270	S Africa	35.7996	-4.23575
gras1249	S New Guinea	147.437	-9.51218
gros1243	Basin and Plains	-108.738	48.4834
guah1255	NE South America	-68.9839	5.81736
guam1248	Andean	-76.582	2.55849
guan1266	Southeast Asia	101.928	31.5655
guan1269	NE South America	-69.5705	1.07554
guar1293	NE South America	-66.922505	1.80835
guat1253	NE South America	-57.2897	-17.8696
gube1234	African Savannah	-17.19	12.56
gude1246	African Savannah	13.403	10.2138
guer1241	Mesoamerica	-99.0023	17.8583
guer1243	Mesoamerica	-98.18953	16.77226
gugu1253	N Australia	144.46	-18.4921
gugu1255	N Australia	144.831	-14.9424
guhu1244	S New Guinea	147.228	-7.99922
guiq1238	Southeast Asia	102.128	30.4803
gulf1241	Greater Mesopotamia	47.5	30.17
guma1254	S New Guinea	150.762	-9.28497
gumu1244	Greater Abyssinia	35.93	11.05
gung1248	S Australia	148.604	-25.6896
gunw1252	N Australia	133.358	-12.3398
guny1241	S Australia	145.862	-27.0642
gura1251	Greater Mesopotamia	44.4956	36.8377
gure1255	S Australia	151.175	-25.3893
guri1248	N Coast New Guinea	141.597	-3.5718
guro1248	African Savannah	-6.31154	7.34954
guru1261	Indic	86.28988	27.41687
guru1271	African Savannah	10.162	9.87332
gusi1247	S Africa	34.76751	-0.78872
gwen1239	S Africa	37.6827	-3.68407
gyel1242	African Savannah	10.2493	2.47457
haaa1252	S Africa	30.4894	-3.77873
hadi1240	Greater Abyssinia	37.7577	7.57377
hadz1240	S Africa	35.0458	-3.83115
haio1238	S Africa	17.0299	-19.7637
hait1244	Mesoamerica	-72.136115	18.795135
haka1240	Southeast Asia	92.8208	22.8735
hakk1236	Southeast Asia	116	25
hala1252	Southeast Asia	107.457	14.7862
halh1238	Inner Asia	106.28874	48.32397
hali1244	Oceania	154.662	-5.26603
halk1245	Alaska-Oregon	-122.443668	49.250402
hame1242	Greater Abyssinia	36.5176	5.06515
hang1263	N Coast New Guinea	142.849	-3.90364
hani1248	Southeast Asia	102.851673333	22.67753
hano1246	Oceania	168.167	-15.5432
haro1237	Southeast Asia	108.995	13.2201
haru1245	Interior New Guinea	144.3375	-5.09522
hass1238	African Savannah	-14.11	18.29
hata1243	N Coast New Guinea	134.037	-1.13531
haus1257	African Savannah	8.7804	11.1513
hava1248	Basin and Plains	-113.385	35.6302
hawa1245	Oceania	-155.43	19.6297
hdii1240	African Savannah	13.6881	10.942
hebr1245	Greater Mesopotamia	35.0179	31.1056
hehe1240	S Africa	35.7255	-7.71572
heil1246	Alaska-Oregon	-127.221	51.7045
hela1238	Indic	85.6289	27.9212
here1253	S Africa	20.5655	-21.0231
hert1241	Greater Mesopotamia	42.5192	37.373
hida1246	Basin and Plains	-102	47.33
hier1240	Greater Mesopotamia	34.615278000000004	40.019722
high1243	Mesoamerica	-97.6159	20.3798
high1276	Mesoamerica	-94.9109	18.198
high1278	Mesoamerica	-97.5556	20.1554
hili1240	Oceania	122.974	10.4018
hind1269	Indic	77	25
hinu1240	Greater Mesopotamia	45.8064	42.4502
hixk1239	NE South America	-58.80153	-0.16265
hlai1239	Southeast Asia	109.459	18.8062
hler1235	Southeast Asia	101.4	24.4
hoaa1235	S Africa	24.69828	-23.93447
hoav1238	Oceania	157.595	-8.19679
holo1240	S Africa	28.3274	-5.37545
homa1239	African Savannah	28.0039	4.97912
hone1235	African Savannah	10.9206	9.79715
honi1244	Southeast Asia	101.886	23.2074
hooo1248	Indic	87.1188	23.9596
hopi1249	Basin and Plains	-110.535	35.7653
horp1239	Southeast Asia	101.72	31.1026
hote1245	Interior New Guinea	146.869	-7.07708
hozo1236	Greater Abyssinia	34.60448	9.38875
hrus1242	Indic	92.63	27.27
huaa1248	S Africa	20.79583	-24.20022
hual1241	Andean	-75.594	-9.57135
huam1247	NE South America	-77.9797	-3.99109
huar1255	Mesoamerica	-108.437	27.8685
huas1242	Mesoamerica	-98.5028	21.6153
huba1236	African Savannah	13.139	10.3544
huic1243	Mesoamerica	-104.062	21.954
hula1239	S New Guinea	147.705	-9.99427
hula1244	Greater Mesopotamia	43.4865	31.9111
huli1244	Interior New Guinea	142.963	-5.97212
humb1243	African Savannah	-1.69301	15.2948
hung1274	Europe	19.6555271429	46.9068585714
hung1275	Southeast Asia	104.772	18.7849
hunz1247	Greater Mesopotamia	46.1369	42.0808
hupd1244	NE South America	-69.8359	0.58622
hurr1240	Greater Mesopotamia	43.3154	40.7339
huuu1240	Southeast Asia	100.881	22.0163
hyam1245	African Savannah	7.95163	9.57832
iaai1238	Oceania	166.59	-20.6301
iama1237	S New Guinea	150.573	-9.45005
iatm1242	N Coast New Guinea	143.316	-4.30064
ibal1244	Oceania	120.695	16.4263
iban1264	Southeast Asia	112.934	2.09041
iban1267	Oceania	121.891	17.4201
ibat1238	Oceania	121.909	18.9398
ibib1240	African Savannah	7.86688	5.15279
icel1247	Europe	-19.0212	63.4837
idaa1241	Southeast Asia	118.515	5.29059
idii1243	S New Guinea	142.301	-8.75976
idom1241	African Savannah	7.71261	7.19139
idum1241	Indic	95.6472	29.4473
idun1242	S New Guinea	150.24	-9.34361
igna1246	NE South America	-65.3993	-15.1188
ikkk1242	S Africa	34.2507	3.61407
ilaa1246	S Africa	26.45548	-15.60807
ilia1236	Oceania	124.766	7.34448
iliu1237	Oceania	125.902	-7.84385
ilok1237	Oceania	120.993	15.9361
ilon1239	Oceania	121.547	16.3785
imba1240	Andean	-78.3729	0.31776
imon1245	N Coast New Guinea	141.171	-3.31228
inap1242	NE South America	-69.30827	-12.46525
indo1316	Southeast Asia	109.716	-7.33458
ines1240	California	-120.08	34.6169
inga1252	Andean	-76.8606	1.00313
ingr1248	Inner Asia	29.71145	59.47403
ingu1240	Greater Mesopotamia	45.03	43.11
iqui1243	NE South America	-73.97046	-3.31233
iran1262	Southeast Asia	118.224	4.3362
iraq1241	S Africa	35.2939	-4.19948
irar1238	N Coast New Guinea	133.586	-2.94438
iray1237	Oceania	120.65	13.381
iris1253	Europe	-7.61509	53.2186
iron1242	Greater Mesopotamia	44.61	42.98
irul1243		79.95209	12.70645
isco1239	NE South America	-74.5193	-7.75236
isin1239	Oceania	121.12	16.3299
isir1237	N Coast New Guinea	138.595	-1.88775
isla1278	Mesoamerica	-61.342957	15.364795
isna1241	Oceania	121.16	18.2139
isth1240	Mesoamerica	-94.7347	17.9401
isth1241	Mesoamerica	-94.6647	18.2513
isth1242	Mesoamerica	-94.7547	18.2
ital1282	Europe	12.6489	43.0464
iton1250	NE South America	-64.35748	-12.80431
itza1241	Mesoamerica	-89.8734	17.0269
iumi1238	Southeast Asia	101.17	20.83
ivat1242	Oceania	121.85	20.77
iwai1244	N Australia	132.453	-11.3379
iwal1237	S New Guinea	146.983	-7.20938
iwam1256	Interior New Guinea	141.817	-4.27346
iyoo1238	N Coast New Guinea	146.092	-5.84161
jahh1242	Southeast Asia	102.291	3.67619
jalk1242	African Savannah	-5.21959	10.5426
jama1261	NE South America	-66.5662	-7.62223
jama1262	Mesoamerica	-77.2612	18.13
jamb1236	Southeast Asia	103.13	-2.6469
jams1239	African Savannah	-2.57999	14.1794
japa1238	N Coast Asia	139.079	36.0221
japh1234	Southeast Asia	102.36	32.1
jaqa1244	Andean	-75.809231	-12.741939
jara1266	Southeast Asia	107.813	13.6161
jaru1254	N Australia	128.262	-18.3288
java1254	Southeast Asia	109.287	-7.001
jede1239	Southeast Asia	101.75	5.3
jeha1242	Southeast Asia	101.541	5.63695
jehh1245	Southeast Asia	107.753	15.2351
jenn1240	Indic	76.5767	11.5041
jeru1240	Indic	86.2547	27.1741
jiba1237	African Savannah	11.5099	9.26508
jina1244	African Savannah	14.9611	11.3555
jita1239	S Africa	33.9141	-1.62681
jjuu1238	African Savannah	7.97167	9.83116
juan1238	Indic	85.5845	21.2606
juho1239	S Africa	20.7673	-19.688
juku1254	African Savannah	10.2576	7.20236
jurm1239	African Savannah	29.974	6.03321
kaba1278	Greater Mesopotamia	43.3918	43.5082
kaba1281	African Savannah	16.7344	7.64972
kaby1243	N Africa	4.76137	36.4103
kach1280	Southeast Asia	97.3278	25.4634
kach1284	Greater Abyssinia	37.9291	6.3971
kada1242	Indic	76.7285	11.0602
kado1242	Southeast Asia	100.092	21.5259
kafa1242	Greater Abyssinia	36.1718	7.34022
kaga1256	Oceania	119.872	10.4656
kagf1238	African Savannah	4.8387	11.5319
kagu1239	S Africa	37.0534	-6.38204
kaik1246	Indic	83.1384	28.853
kain1272	SE South America	-52.5394	-27.7671
kair1263	N Coast New Guinea	143.558	-3.34608
kaki1249	S New Guinea	145.816	-7.9946
kala1377	N Australia	142.196	-10.6748
kala1384	S Africa	27.401	-21.2887
kala1388	Oceania	125.328	6.8126
kala1399	E North America	-52.864	69.3761
kala1400	Alaska-Oregon	-123.925	44.9861
kali1308	Basin and Plains	-114.19	47.5825
kalk1246	S Australia	139.5	-21
kalm1243	Inner Asia	45.316667	46.566667
kalu1248	S New Guinea	142.788	-6.45932
kama1351	Inner Asia	94.83	55.07
kama1367	N Coast New Guinea	143.842	-3.8503
kama1370	Interior New Guinea	145.728	-6.25829
kamb1297	S Africa	37.9532	-1.60827
kamb1299	Oceania	120.235	-9.88447
kamb1316	Greater Abyssinia	37.9088	7.37582
kamm1249	African Savannah	11.05611111	8.305
kamo1255	S New Guinea	135.883	-4.30433
kamu1260	S New Guinea	142.639	-7.28798
kana1286	Oceania	120.887	23.3235
kana1288	S New Guinea	149.751	-10.1658
kana1291	NE South America	-68.7678	-6.45399
kani1286	Interior New Guinea	145.556	-6.38841
kank1243	Oceania	120.689	16.8548
kaon1241	S Africa	25.7646	-12.4129
kapi1249	Oceania	154.797223	1.039166
kaqc1270	Mesoamerica	-90.9881	14.4662
kara1476	S Australia	122.334	-18.6771
kara1482	African Savannah	22.9947	9.99526
kara1486	N Coast New Guinea	151.111	-2.81957
kara1487	Oceania	120.956	16.5655
kara1499	N Coast New Guinea	132.678	-3.47037
kara1500	NE South America	-50.3492	-11.1881
karb1241	Indic	93.0462	25.7317
kare1335	Inner Asia	30.8655	65.1691
kare1338	African Savannah	15.2207	7.05641
kari1254	NE South America	-40.487275	-7.434628
kari1306	African Savannah	25.7491	5.03525
kari1311	NE South America	-64.1522	-9.37937
kark1258	N Coast New Guinea	141.098	-3.74954
karn1252	N Coast New Guinea	147.917	-5.74133
karo1304	California	-123.315	41.8228
kash1277	Indic	74.330455	34.166825
kask1239	Alaska-Oregon	-130	61
katb1237	Oceania	167.484	-16.2701
kats1235	Southeast Asia	102.4	24.6
kaul1240	N Coast New Guinea	149.696	-6.08192
kaur1267	S Australia	138.4800794	-34.34966141
kaur1271	N Coast New Guinea	140.14	-3.39188
kava1241	Oceania	121.645	24.6947
kawa1283	California	-118.679	36.0538
kawi1241	Southeast Asia	111	-7
kaya1315	Southeast Asia	97.4138	19.5183
kaya1319	N Australia	139.489	-17.0695
keap1239	S New Guinea	147.95	-10.1342
keda1252	Oceania	123.77	-8.23039
keig1242	African Savannah	29.3889	11.2064
kele1255	S Africa	24.3098	0.36906
kele1258	N Coast New Guinea	147.064	-2.09163
kele1259	Oceania	121.035	16.7099
kelo1247	Oceania	124.429	-8.40688
kemb1249	Southeast Asia	110.468	0.66181
keme1240	African Savannah	10.4984	6.6957700000000004
keng1240	African Savannah	18.1464	11.6816
kens1248	Southeast Asia	101.026	5.98085
kenu1236	N Africa	31.8992	21.2837
keoo1238	Oceania	121.256	-8.8704
kera1248	African Savannah	-16.6857	12.3652
kera1255	African Savannah	15.1419	9.88165
keri1250	Southeast Asia	101.403	-1.93668
kesa1244	Interior New Guinea	145.58	-5.76797
kett1243	Inner Asia	87.5466	63.7551
kgal1244	S Africa	22.72016	-24.9208
khak1248	Inner Asia	107.16939	50.73933
khal1275	Indic	87.5053	27.3912
kham1282	Inner Asia	91.7062	31.9313
khan1274	Southeast Asia	103.736	21.6624
khan1277	Indic	94.247299	25.73633
khan1278	African Savannah	7.44363	4.70908
khar1287	Indic	84.3922	22.3571
khar1288	Southeast Asia	94.0503	25.2738
khas1269	Indic	91.9998	24.977
khez1235	Indic	94.3114	25.7078
khin1240	Greater Mesopotamia	48.0571	41.1801
khmu1256	Southeast Asia	101.671	20.2463
khum1248	Southeast Asia	92.9894633333	22.87125
khva1239	Greater Mesopotamia	45.9977	42.2743
kich1262	Mesoamerica	-91.1696	14.5278
kiku1240	S Africa	36.719	-0.29005
kile1243	Inner Asia	132.48	47.585
kili1267	S New Guinea	151.072	-8.72574
kima1244	Southeast Asia	116.96	6.61982
kima1246	S New Guinea	138.355	-8.01899
kimm1245	Southeast Asia	105.024	22.9856
kimm1246	African Savannah	15.8936	9.79442
kina1250	Oceania	122.297	10.8131
kinn1249	Indic	78.3148	31.3688
kiow1266	Basin and Plains	-98.9042	34.9403
kips1239	S Africa	35.258532	-0.35774
klam1254	Basin and Plains	-121.704	42.5861
kobo1249	Interior New Guinea	144.46	-5.16446
koda1255	Indic	75.9161	12.2443
koho1244	Southeast Asia	108.057	11.6444
koir1240	Southeast Asia	94.2141	25.2857
koit1244	S New Guinea	147.079	-9.36877
koka1244	S Australia	135.55	-29.94
koko1269	Oceania	159.191	-8.16481
kola1285	Oceania	134.592	-5.48833
kolb1240	African Savannah	13.2707	8.26797
kolc1235	African Savannah	12.8574	3.65994
kolp1236	Oceania	151.583	-5.21042
kolu1245	S New Guinea	150.462	-9.42742
komb1274	S New Guinea	139.902	-5.54543
komc1235	African Savannah	10.3348	6.2596
komi1268	Inner Asia	54.946	64.0527
komi1269	Inner Asia	54.7959	59.6602
komi1270	Southeast Asia	94.534	24.8688
komo1260	S Africa	26.7144	-0.76333
kona1242	Interior New Guinea	142.069	-5.66011
konk1267	Indic	73.994	18.404
kons1243	Greater Abyssinia	37.53	5.39111
kony1248	Southeast Asia	95.0598	26.6823
konz1239	S Africa	29.8696	0.32395
koon1244	S Africa	14.4771	-5.57722
koon1245	African Savannah	13.54152	3.25933
koor1239	Greater Abyssinia	37.8679	5.8054500000000004
kora1294	S New Guinea	149.267	-9.07
kore1280	N Coast Asia	126.98	37.54
kore1283	NE South America	-75.3475	0.92316
kork1243	Indic	77.5541	21.8358
koro1298	African Savannah	-1.96187	14.046
koro1312	S New Guinea	140.047	-5.26952
koro1313	Oceania	155.742	-6.39399
korr1238	Indic	75.2	12.9163
kosa1249	Interior New Guinea	139.645	-4.06603
kosr1238	Oceania	162.98	5.31
kota1263	Indic	76.9387	11.4978
koti1238	S Africa	39.7602	-16.4823
kova1243	N Coast New Guinea	147.862	-5.61712
kove1237	N Coast New Guinea	149.63	-5.58623
koya1251	Indic	81.2096	17.6772
koyr1240	African Savannah	-3.73962	16.192
koyr1242	African Savannah	-0.55187	16.9634
koys1242	Greater Mesopotamia	44.6365	36.0451
kren1239	SE South America	-41.2299	-18.9988
kris1246	N Coast New Guinea	141.303	-2.80084
kron1241	African Savannah	30.003	10.514
kryt1240	Greater Mesopotamia	48.1846	41.1811
kuan1247	S Africa	16.58	-17.7176
kuan1248	N Coast New Guinea	152.114	-4.30986
kuii1252	Indic	83.5859	19.2043
kuik1246	NE South America	-53.2261	-12.3035
kuku1273	N Australia	145.188	-16.0036
kuku1280	N Australia	141.724	-14.0756
kulo1237	Oceania	120.976	23.7562
kulu1253	Indic	87.5717	27.1606
kuma1276	Oceania	164.193	-20.4035
kuma1280	Interior New Guinea	144.977	-5.90586
kumb1268	S Australia	152.913	-29.8189
kumz1235	Indic	56.4202	26.1602
kuna1268	Greater Abyssinia	37.5292	14.5879
kunb1251	N Australia	133.723	-11.9133
kung1259	N Australia	130.881	-12.7
kuni1267	S New Guinea	146.908	-8.09371
kunj1245	N Australia	143.53	-16.6807
kunz1244	Andean	-69	-23
kuot1243	N Coast New Guinea	151.537	-3.06952
kupa1239	Oceania	123.63	-10.2526
kurr1243	S Australia	117.51	-22.2134
kurt1248		90.9822	27.5365
kuru1301	Indic	86.46568	24.46442
kusa1251	Oceania	157.463	-8.04056
kusu1250	Indic	82.6	28.33
kute1248	African Savannah	10.0916	7.07479
kute1249	Basin and Plains	-115.065	48.7892
kuvi1243	Indic	83.7552	18.8832
kuyy1240	Southeast Asia	104.911	14.6698
kwai1243	Oceania	160.965	-8.93744
kwam1249	Greater Abyssinia	34.2457	9.50836
kwam1252	Oceania	169.442	-19.5954
kwar1239	Oceania	160.804	-8.75779
kwaz1243	NE South America	-61.1833	-11.6667
kweg1241	Greater Abyssinia	36.1702	5.40416
kwin1241	N Australia	126.562	-14.2515
kwom1262	N Coast New Guinea	142.664	-4.08721
kxoe1243	S Africa	22.599835	-16.59051
kyer1238	Indic	85.4257	28.2922
laal1242	African Savannah	17.6143	10.0063
labe1239	N Coast New Guinea	152.678	-4.46971
labo1244	Oceania	167.442	-16.4291
labu1248	N Coast New Guinea	146.903	-6.75
labu1249	Southeast Asia	117.507	5.51924
lach1248	Southeast Asia	104.776	22.8549
lafo1243	African Savannah	30.7331	10.3357
lagw1237	African Savannah	14.9884	11.5592
lahu1252	Southeast Asia	100.97	21.2078
lahu1253	Southeast Asia	100.214	21.2701
laiy1246	Oceania	120.483	-6.45512
lakk1252	Greater Mesopotamia	47.0809	42.1328
lala1264	S Africa	30.2297	-12.945
lala1268	S New Guinea	146.749	-8.93195
lama1277	Oceania	122.803	-8.36439
lama1288	African Savannah	13.7362	11.0243
lamb1269	Indic	76.9717	16.5734
lamb1272	S Africa	33.15852	-9.49372
lamb1273	Oceania	119.344	-9.70434
lame1260	Oceania	168.171	-16.6098
lamk1238	Southeast Asia	94.2706	24.1523
lamo1244	N Coast New Guinea	149.321	-5.87071
land1256	African Savannah	-14.0895	10.8753
lang1320	S Africa	35.9517	-4.71413
lang1324	S Africa	33.0553	2.13867
laoo1244	Southeast Asia	102.46	19
lara1258	N Australia	130.922	-12.4111
lara1260	Oceania	122.7619	-8.4746
lard1243	N Australia	139.4343	-16.56152
lash1243	Southeast Asia	98.5481	26.0992
lati1261	Europe	12.4502	41.9026
latv1249	Inner Asia	24.309118	56.826108
lauu1247	Oceania	160.872	-8.51018
lave1248	Southeast Asia	106.322	15.2726
lave1249	Southeast Asia	107.008	14.5994
lavu1241	Oceania	159.119	-9.05569
lazz1240	Greater Mesopotamia	41.9096	41.5004
leco1242	Andean	-67.8818	-15.0092
lega1249	S Africa	27.1424	-3.83196
lega1250	S Africa	28.2621	-3.39007
lele1267	Oceania	168.202	-17.6042
lele1270	N Coast New Guinea	147.207	-2.04783
lele1276	African Savannah	15.81149	9.158
lemb1266	Interior New Guinea	143.891	-4.99504
leme1238	Oceania	167.420676	-13.739697
lena1238	Oceania	169.261	-19.4763
lend1245	S Africa	30.6794	2.1898
leng1259	Oceania	160.42	-9.56425
lepc1244	Indic	88.5726	27.0869
lese1243	S Africa	29.3	1.3
leti1246	Oceania	127.674	-8.19808
lewo1242	Oceania	168.334	-16.7612
lewo1244	Oceania	122.747	-8.54573
lezg1247	Greater Mesopotamia	47.8951	41.5157
lian1251	Southeast Asia	93.542	25.16
libi1244	S Africa	18.8886	1.97729
liby1240	African Savannah	15.0014	22.0032
lihi1237	N Coast New Guinea	152.606	-3.18895
liji1238	African Savannah	8.35562	8.52193
lika1243	S Africa	27.6088	2.13777
liki1240	S Africa	19.0222	1.75106
lill1248	Alaska-Oregon	-122.04	50.7272
limb1266	Indic	87.8859	27.2703
limo1248	Oceania	121.381	17.6081
limo1249	Mesoamerica	-83.0905	9.957414
ling1263	S Africa	15.28532	-4.409174
ling1265	Oceania	167.499	-16.1986
lipo1242	Southeast Asia	101.302	25.226
lish1245	Greater Mesopotamia	44.065281	36.213298
lisu1250	Southeast Asia	98.94	26.91
lith1251	Inner Asia	23.9601	55.1429
lito1235	S Africa	19.24	2.69
litz1237	Oceania	167.415	-16.1331
livv1243	Inner Asia	29.0726	61.6565
livv1244	Inner Asia	22.0262	57.566
loba1239	S Africa	18.3667	2.04881
logo1259	S Africa	29.8866	3.32608
loka1252	African Savannah	8.0933	5.91483
lolo1259	Southeast Asia	101.30185	25.50051
loma1260	African Savannah	-9.69906	7.91585
lomb1257	Europe	9.39509	45.8817
long1395	Oceania	160.663	-9.75258
loni1238	N Coast New Guinea	147.35	-2.06124
lonw1238	Oceania	168.016	-16.2286
lote1237	N Coast New Guinea	150.911	-5.954
loth1237	Southeast Asia	94.04355	26.01396
lotu1250	Southeast Asia	116.232	6.13732
loup1243	E North America	-72.731	42.364
louu1245	N Coast New Guinea	147.346	-2.38659
lowe1412	Oceania	121.311	17.3441
lowe1427	Alaska-Oregon	-124.004	46.7736
lowl1260	Mesoamerica	-95.6876	15.9497
lowl1265	Mesoamerica	-107.854	27.4623
lozi1239	S Africa	24.7398	-17.7052
luan1263	Oceania	127.944	-8.18378
lubu1243	Oceania	121.0365	17.3879
luch1239	S Africa	22.2437	-14.0648
ludi1246	Inner Asia	33.7346	61.853
lugb1240	S Africa	30.8642	3.02245
lugu1238	S Africa	37.5557	-6.86828
luis1253	Mesoamerica	-116.939	33.3184
lule1238	SE South America	-61.887818	-25.221839
lule1254	Europe	17.8057	67.2759
lumb1249	S Africa	11.124	-3.37917
lumu1239	African Savannah	30.253	10.8308
lund1266	S Africa	23.8662	-11.1793
lund1271	Southeast Asia	115.5	4.25064
luok1236	S Africa	34.4896	-0.93296
luse1252	S Africa	18.3991	0.16988
lush1249	Indic	92.6247	22.6138
lush1252	Alaska-Oregon	-122.529	48.42
lusi1240	N Coast New Guinea	149.148	-5.55033
luva1239	S Africa	22.2924	-13.5382
luya1241	S Africa	22.67	-15.01
maan1238	Southeast Asia	115.092	-2.1239
maas1239	African Savannah	-3.64763	11.1324
maba1270	S Africa	20.8759	2.11942
maba1277	African Savannah	20.8889	12.89147
maca1259	NE South America	-71.2671	6.34582
mace1250	Europe	21.7932	41.5957
mach1267	NE South America	-72.5017	-12.1291
maco1239	NE South America	-66.5813	4.5621
macu1259	NE South America	-60.2209	4.31861
macu1260	NE South America	-70.0749	-0.14459
mada1285	N Coast New Guinea	151.967	-3.34342
madi1260	S Africa	31.8471	3.62499
madn1237	N Australia	130.6	-13.9479
maee1241	Oceania	167.288	-15.9914
mafe1237	Oceania	167.241	-15.4316
maga1260	Indic	85.3335	25.0915
maga1263	Oceania	120.459	15.1954
magd1235	Mesoamerica	-97.5413	17.2837
magu1243	Oceania	124.509	6.9453
maia1253	N Coast New Guinea	145.239	-4.55066
maia1254	N Coast New Guinea	145.096	-4.50212
maib1239	N Coast New Guinea	132.591	-1.3679
mail1248	S New Guinea	149.521	-10.3657
maip1247	NE South America	-67.5	4.8
mais1250	S New Guinea	148.731	-9.22853
mait1250	Indic	86.2211	26.3817
maja1242	Greater Abyssinia	34.97	7.71
maka1304	African Savannah	13.0789	4.15471
maka1311	Oceania	119.838	-5.65551
makc1235	Southeast Asia	107.726	25.5946
makh1264	S Africa	38.8052	-14.8509
makh1266	S Africa	39.5323	-13.6443
mako1251	S Africa	39.5133	-10.9906
maku1277	Inner Asia	127.239	-8.40372
makw1236	S Africa	40.0274	-10.4673
mala1463	Indic	77.2038	8.85517
mala1464	Indic	76.7651	9.59208
mala1479	Southeast Asia	103	1.85856
mala1481	Oceania	124.843	1.48099
mala1522	NE South America	-73.4056	10.9286
mala1534	Oceania	121.391322	17.844833
male1284	Greater Abyssinia	36.9892	5.91975
male1289	N Coast New Guinea	148.445	-5.61613
male1297	Mesoamerica	-84.7318	10.7485
malg1251	African Savannah	13.61	11.77
mali1284	N Coast New Guinea	152.214	-4.71826
mali1285	Mesoamerica	-98.6322	17.2122
malo1243	Oceania	167.16	-15.6835
malt1254	Europe	14.4508	35.8884
malu1245	Oceania	167.208	-15.9813
mama1275	Oceania	125.548	9.44744
mamb1294	African Savannah	14.0013	9.6121
mamb1296	S Africa	31.2269	-8.86817
mamb1306	Oceania	125.475	-9.19552
mamm1241	Mesoamerica	-91.7231	14.8034
mamv1243	S Africa	28.9862	2.68167
mana1288	Indic	84.0515	28.6416
mana1295	N Coast New Guinea	145.033	-4.07921
mana1298	N Coast New Guinea	142.862	-4.19082
mand1415	Southeast Asia	116.228	40.0209
mand1423	S Africa	34.7424	-10.3991
mand1436	African Savannah	-15.6539466667	12.8165233333
mand1440	N Coast New Guinea	151.956	-2.7828
mang1378	Southeast Asia	102.133	21.4305
mang1381	N Australia	133.5	-14.8
mang1394	S Africa	27.0712	2.5511
mang1401	Oceania	-134.97	-23.1095
mang1403	N Coast New Guinea	150.68	-5.89752
mang1404	Interior New Guinea	146.685	-6.99891
mang1405	Oceania	120.329	-8.55748
mani1235	N Coast New Guinea	133.95	-1.49611
manm1238	Southeast Asia	100.842	22.0743
mann1248	African Savannah	-8.86405	7.04616
mans1260	N Coast New Guinea	134.011116	-0.915054
mans1262	Oceania	126.181	6.79221
manu1258	Oceania	129.429	-3.1109
maon1241	Southeast Asia	108.024	25.0169
maor1246	Oceania	176.541	-38.2881
mapo1242	N Coast New Guinea	146.774	-6.86672
mapu1245	Andean	-71.277	-38.7392
maqu1238	NE South America	-64.3877	4.70705
mara1378	Indic	76.6665	17.9344
mara1379	Southeast Asia	94.2205	25.4378
mara1382	Indic	93.0387	22.1138
mara1385	N Australia	134.865	-14.7927
mara1386	N Australia	130.12	-13.6754
mara1396	African Savannah	21.6408	14.087
mara1399	Oceania	167.33	-16.0695
mara1404	Oceania	124.175	7.79414
marg1253	S Australia	144.892	-26.789
marg1265	African Savannah	13.0521	10.93854
mari1414	Indic	79.9144	19.7875
mari1416	Southeast Asia	94.0723	24.2854
mari1424	N Australia	130.237	-13.8818
mari1426	Oceania	168.057941	-14.970047
mari1428	N Coast New Guinea	145.59	-5.349
mari1440	Basin and Plains	-111.749	33.5123
maro1244	Oceania	157.747	-8.37943
mars1254	Oceania	167.73	8.72
mart1255	S Australia	116.607	-20.9294
maru1249	Southeast Asia	99.8338	24.942535
maru1252	NE South America	-72.4027	-6.60703
masa1300	S Africa	36.4573	-3.1419
masa1322	African Savannah	15.4748	10.0606
masb1238	Oceania	123.63579	12.21453
mask1242	Oceania	167.818	-16.5073
matb1237	N Coast New Guinea	130.075	-1.8801
mati1250	Oceania	125.16	7.72124
mato1252	N Coast New Guinea	146.859	-5.91639
mats1244	NE South America	-72.6281	-5.73914
matu1259	S Africa	39.0409	-8.53734
matu1261	N Coast New Guinea	145.779	-4.9078
maun1240	N Australia	133.376	-11.66
mauw1238	N Coast New Guinea	145.394	-4.52416
maxa1247	NE South America	-40.7891	-16.9402
maya1285	Mesoamerica	-84.3439	14.1259
mayk1239	N Australia	140.481	-20.4352
mayo1261	S Africa	27.8282	2.79827
mayo1264	Mesoamerica	-108.981	26.4522
maza1304	African Savannah	13.6873	10.175
mbaa1245	S Africa	25.143	1.06885
mbal1255	S Africa	16.027517	-17.578884
mban1263	S Africa	19.4455	3.98003
mbar1260	African Savannah	15.54	10.91
mbay1241	African Savannah	15.7328	8.23066
mber1257	S Africa	14.2877	-0.477445
mboc1235	African Savannah	9.92766	5.13981
mbol1247	S Africa	24.0443	-0.57181
mbug1242	S Africa	35.8133	-3.75763
mbul1263	N Coast New Guinea	148.041	-5.66965
mbya1239	SE South America	-52.711	-26.0188
meen1242	Greater Abyssinia	35.6255	6.63207
mehe1243	N Coast New Guinea	142.498	-3.70927
mehi1240	NE South America	-53.521	-12.5364
meke1243	S New Guinea	146.586	-8.23853
mele1250	Oceania	168.275	-17.6841
melo1242	Greater Abyssinia	36.811	6.53916
melp1238	Interior New Guinea	144.34	-5.62644
mend1266	African Savannah	-10.9926	7.90935
mend1268	N Coast New Guinea	142.683	-3.67233
meng1267	Oceania	151.373	-5.47036
meny1245	Interior New Guinea	146.071	-7.17425
mera1242	Oceania	151.528	-4.97468
mere1242	Oceania	166.905	-15.2839
meri1244	N Australia	143.773	-9.59575
meru1245	S Africa	37.7396	0.26484
mesc1238	Basin and Plains	-105.566	33.1291
meta1238	African Savannah	9.87416	5.88942
meya1236	N Coast New Guinea	133.618	-1.18016
mezo1235	Mesoamerica	-97.5879	18.1442
mezq1235	Mesoamerica	-99.5564	20.2274
miam1252	E North America	-90	40
mian1256	N Coast New Guinea	141.523	-4.70881
mich1245	Mesoamerica	-103.361	18.3412
midd1327	Interior New Guinea	146.399126	-6.88249
midd1357	S Australia	152.780249	-29.042737
mido1240	African Savannah	27.2236	14.789
mids1243	African Savannah	22.4666	5.87893
miga1249	African Savannah	18.9614	12.2367
miju1243	Indic	97.0444	28.4732
mika1239	E North America	-84	31.5
mikm1235	E North America	-64	46
mila1245	Indic	95.186127	28.5539908
mill1237	Andean	-67.569581	-31.79729
mina1268	Southeast Asia	100.44	-0.896
mina1276	African Savannah	13.84054	10.38053
minh1238	Inner Asia	102.80434	36.33736
mini1251	N Coast New Guinea	152.005	-4.31803
mini1256	NE South America	-73.1107	-1.54535
minn1241	Southeast Asia	118.17	24.5
miri1266	N Australia	128.889	-16.3596
misi1243	S New Guinea	152.696	-10.6821
misk1235	Mesoamerica	-84.2942	15.1576
miwa1242	N Australia	126.921	-14.3484
mixt1426	Mesoamerica	-96.2372	16.1724
miya1259	N Coast Asia	125.363	24.7564
miya1266	African Savannah	9.71505	10.923400000000001
mlab1235	Southeast Asia	101.163	18.5533
mlah1239	Greater Mesopotamia	41.2209	37.0311
mmen1238	African Savannah	10.2541	6.43213
moba1244	African Savannah	0.159565	10.9496
moch1257	Mesoamerica	-92.1734	15.4538
moch1259	Andean	-79	-8.01667
moco1246	SE South America	-60.4145	-28.097
mode1248	Europe	23.13	38.36
moha1258	E North America	-74.66836	43.72
moii1235	N Coast New Guinea	131.52	-0.96532
moke1242	Southeast Asia	98.6765	10.1474
moki1238	Oceania	159.776	6.65651
mokl1243	Southeast Asia	98.3176	8.16761
mokp1239	African Savannah	9.23887	4.24178
moks1248	Inner Asia	42.6728	54.1855
mola1238	Alaska-Oregon	-122.857	44.556
molo1266	African Savannah	14.2521	10.7933
mong1338	S Africa	20.4259	-1.54228
moni1237	Mesoamerica	-85.1746	13.5343
monn1252	Southeast Asia	98.122465	15.49394
mono1270	S Africa	19.8264	4.57915
mono1273	Oceania	155.76	-7.05102
mono1275	California	-119.347	37.1935
mont1268	E North America	-68.7376	49.0533
monz1249	S Africa	18.5129	3.19008
mopa1243	Mesoamerica	-89.0673	16.3533
more1259	Mesoamerica	-99.1322	18.9161
mori1268	Oceania	121.37	-2.56016
mori1269	Oceania	121.035	-2.2555
morm1235	N Coast New Guinea	135.95	-2.87055
moro1285	African Savannah	30.2138	10.9194
moro1287	Oceania	121.824	-4.62361
moro1289	S New Guinea	140.688	-8.5692
mort1237	Oceania	153.710778	5.50735
mose1249	NE South America	-67.83756	-14.64448
mosi1247	S Africa	37.1869	-5.43471
mota1237	Oceania	167.690924	-13.835361
motl1237	Oceania	167.706277	-13.655015
motu1246	S New Guinea	147.424	-9.67492
mouk1239	N Coast New Guinea	149.158	-5.71155
moun1252	S New Guinea	147.384	-9.06973
movi1243	NE South America	-65.6348	-13.8115
moyo1238	Southeast Asia	94.3421	24.4793
mpad1242	African Savannah	14.446893	12.561391
mpii1239	Southeast Asia	100.21	18.1717
mpot1240	S Africa	34.71269	-11.13767
mpur1239	N Coast New Guinea	133.166	-0.7489
mual1241	Southeast Asia	111.077	0.31083
mudu1239	Indic	76.5627	11.062
mudu1242	N Coast New Guinea	149.489	-4.69751
mull1237	N Australia	130.664	-13.427
muna1247	Oceania	122.541	-5.40419
munc1235	Southeast Asia	94.3929	20.289
mund1320	Indic	85.85	23.03
mund1325	African Savannah	14.4751	9.83195
mund1326	African Savannah	29.9967	4.22755
mund1328	African Savannah	10.2704	6.59969
mund1330	NE South America	-57.691	-8.41095
murl1244	African Savannah	33.988	6.69756
murr1258	N Australia	129.70152	-14.74852
muru1266	S Australia	146.546	-28.9618
muru1274	NE South America	-73.8331	-1.13669
musa1266	Interior New Guinea	145.197	-5.37407
musg1254	African Savannah	15.1065	10.8439
muso1238	N Coast New Guinea	146.93	-6.53817
muss1246	N Coast New Guinea	149.624	-1.44105
muth1236	Indic	76.7328	10.3524
muyu1244	S New Guinea	152.731	-9.195
mwag1236	African Savannah	8.96522	9.47205
mwan1247	S Africa	40.4601	-12.5821
mwan1250	African Savannah	-5.9457700000000004	7.87533
mwer1248	S Africa	38.8762	-9.75639
naas1242	Oceania	155.632	-6.46022
naba1256	N Coast New Guinea	146.966	-6.42709
nade1244	NE South America	-66.3068	-1.24449
naka1262	N Coast New Guinea	150.888	-5.59931
nalc1240	Interior New Guinea	139.883	-4.26068
nali1244	N Coast New Guinea	151.332	-2.94411
nalo1235	Oceania	165.8	-10.8
nama1264	S Africa	17.9767	-25.0747
nama1266	S New Guinea	141.706	-8.66403
nama1268	Oceania	168.569	-16.8979
namb1293	S New Guinea	141.931	-8.74501
nami1256	N Coast New Guinea	141.788	-3.85538
namu1246	Southeast Asia	101.898	28.5909
nana1257	N Coast Asia	134.79726	48.43426
nand1266	S Africa	35.408478	0.793737
nang1262	Oceania	165.887	-10.7441
nant1250	NE South America	-72.3507	-12.1018
nara1262	Greater Abyssinia	37.499	15.3251
naro1251	Southeast Asia	114.011	4.42115
narr1259	S Australia	140.158	-36.2301
naru1238	S Australia	137.535	-34.69
natc1249	E North America	-91.33	31.75
nati1243	African Savannah	-5.19517	10.7176
nati1244	Oceania	167.496054	-16.468709
natu1246	Oceania	165.835	-10.6771
naue1237	Oceania	126.741	-8.70733
naur1243	Oceania	166.922	-0.52957
nava1243	Basin and Plains	-109.38	36.33
nawu1242	African Savannah	0.04947	8.45116
naxi1245	Southeast Asia	100	27.5
ncan1245	African Savannah	10.5312	6.50696
ndam1239	S Africa	36.0271	-8.40485
ndam1251	African Savannah	17.326	9.79369
nden1248	S Africa	38.958	-7.54628
ndob1238	S Africa	18.6151	1.32539
ndog1248	African Savannah	27.5588	7.73028
ndom1245	S New Guinea	138.019	-7.93553
ndun1249	S Africa	21.5755	2.3886
nege1240	Southeast Asia	102.291	2.66503
negi1245	N Coast Asia	139.20575	52.96584
neha1247	Oceania	154.2	-4.56875
nend1239	N Coast New Guinea	144.886	-5.04271
nene1249	Inner Asia	71.0234	66.1775
neng1238	Oceania	167.964	-21.5305
nenn1238	S New Guinea	142.032	-8.62183
nepa1254	Indic	85	28
nese1235	Oceania	167.222769	-15.952608
newa1246	Indic	85.326	27.67
nezp1238	Basin and Plains	-116.408	46.3073
ngaa1240	S Australia	127.602	-25.7514
ngab1239	Mesoamerica	-82.3911	8.8251
ngal1292	N Australia	133.936	-13.9783
ngal1296	African Savannah	24.61853	6.63187
ngam1268	African Savannah	15.414	8.57051
ngan1291	Inner Asia	86.2106	73.1354
ngan1295	N Australia	134.649	-12.8448
ngar1235	N Australia	130.651	-15.4661
ngar1283	N Australia	134.73	-17.42
ngar1284	N Australia	126.433	-16.4006
ngas1240	African Savannah	9.46146	9.32042
ngba1284	S Africa	18.12	4
ngba1285	S Africa	18.994	2.98887
ngeq1245	Southeast Asia	106.877	15.6211
ngge1241	Interior New Guinea	139.011	-3.62735
ngit1239	S Africa	30.2242	1.30455
ngom1268	S Africa	20.14148	1.45357
ngul1236	Oceania	137.34	8.45
ngur1261	S Australia	142.45	-27.58
nhan1238	S Australia	114.2680442	-27.425236430000002
nhen1239	NE South America	-66.9646	1.04503
nias1242	Southeast Asia	97.4961	0.90691
nica1252	Mesoamerica	-83.7386	12.4402
nige1253	African Savannah	11.1188	10.9972
niha1238	Indic	76.3318	21.1886
nila1242	S Africa	34.3068	-4.50002
nina1238	NE South America	-62.7801	4.03894
nisg1240	Alaska-Oregon	-129.192	55.199
niua1240	Oceania	-175.64	-15.6014
niue1239	Oceania	-169.86	-19.06
niva1238	SE South America	-61.7606	-22.8557
njan1240	African Savannah	11.51	6.41
nkon1248	African Savannah	0.3209	7.20316
nkor1239	African Savannah	7.45802	4.57641
noct1238	Southeast Asia	95.3903	27.152
noku1237	Oceania	166.603	-14.8974
noma1260	African Savannah	10.9157	4.5893
noma1263	Andean	-74.4371	-11.5349
nonu1241	NE South America	-72.5	-1.25
noon1242	African Savannah	-16.9205	14.792
noon1243	African Savannah	10.5707	6.37256
nopa1235	Mesoamerica	-97.1339	16.0954
nort2671	Inner Asia	22.1113	68.725
nort2684	Southeast Asia	103.863	14.4674
nort2690	Indic	69.211	40.886
nort2697	Greater Mesopotamia	46.4737	40.97768
nort2699	Indic	78.4934	20.1022
nort2702	Indic	81.3842	18.1632
nort2722	Southeast Asia	103.192	32.2766
nort2723	Southeast Asia	101.305	28.6626
nort2724	Southeast Asia	99.656	26.925
nort2732	Southeast Asia	109.759	29.3016
nort2745	Inner Asia	157.853	70.498
nort2747	Southeast Asia	108.162	26.6338
nort2774	S Africa	21.85251	3.56357
nort2775	African Savannah	15.2569	5.9503
nort2795	S Africa	27.4096	-20.2513
nort2828	Oceania	128.323	-0.86437
nort2836	Oceania	168.375	-17.5774
nort2839	Oceania	168.14	-16.1741
nort2845	Oceania	-140.108	-8.89412
nort2847	Oceania	169.303	-19.3733
nort2864	Oceania	128.839	-3.05143
nort2877	Oceania	120.786	17.1057
nort2885	Oceania	123.588	8.5232
nort2930	S New Guinea	144.667	-7.39215
nort2938	Alaska-Oregon	-132.079257	54.004532
nort2942	E North America	-125.67	63.5
nort2951	California	-121.368	39.6721
nort2952	California	-120.645	40.4102
nort2954	California	-119.536	40.0799
nort2957	Mesoamerica	-97.9814	20.1356
nort2959	Mesoamerica	-107.379	26.4348
nort2961	E North America	-87.7862	51.6192
nort2972	Andean	-77.574	7.12761
nort2980	Andean	-75.8128	-11.2132
nort2994	Southeast Asia	108.849	12.1967
nort3047	African Savannah	14.219	10.6755
nort3139	Greater Mesopotamia	36.0468	34.1709
nots1237	N Coast New Guinea	151.661	-3.0557
nsen1242	S Africa	31.3544	-15.3946
nubi1253	S Africa	34.7552	-0.183215
nucl1235	Greater Mesopotamia	45	40
nucl1240	African Savannah	11.71545	8.90347
nucl1301	Greater Mesopotamia	32.8667	39.8667
nucl1302	Greater Mesopotamia	43.78613	41.850397
nucl1305	Indic	76.1198	13.5878
nucl1310	Southeast Asia	93.9665	20.7926
nucl1327	N Australia	131.845	-12.4294
nucl1347	African Savannah	-15.383	15.2534
nucl1417	African Savannah	7.23441	4.62705
nucl1452	S New Guinea	138.773	-8.27141
nucl1454	N Coast New Guinea	136.263	-1.77196
nucl1458	N Coast New Guinea	144.95	-4.2717
nucl1460	Southeast Asia	113	-7
nucl1593	N Coast New Guinea	141.488	-3.50718
nucl1594	N Coast New Guinea	134.071	-3.4511
nucl1595	N Coast New Guinea	138.486	-2.2137
nucl1622	S New Guinea	140.009	-8.15651
nucl1630	S New Guinea	147.899	-9.46246
nucl1632	N Coast New Guinea	140.512	-2.6013
nucl1633	N Coast New Guinea	140.179	-2.5803
nucl1643	N Coast Asia	135	35
nucl1706	Greater Mesopotamia	48.8128	31.3443
nuer1246	African Savannah	32.3829	8.13911
nugu1242	African Savannah	11.1837	4.63103
nukn1238	N Coast New Guinea	146.969	-6.0177
nuku1260	Oceania	154.975	3.84
nung1282	Indic	98.7333	27.2887
nupe1254	African Savannah	5.40031	9.18404
nusu1239	Southeast Asia	98.8801	26.7292
nuuc1236	Alaska-Oregon	-126.67	49.67
nuuu1241	S Africa	19.0841	-29.7054
nyah1249	Southeast Asia	106.543	15.1034
nyah1250	Southeast Asia	101.515	15.8909
nyak1260	S Africa	33.7763	-9.71018
nyal1250	S Africa	30.0201	1.92098
nyal1254	Oceania	163.66	-19.72
nyam1285	African Savannah	10.83652	9.18024
nyan1301	S Australia	121.391	-20.6271
nyan1307	S Africa	30.548	-0.46364
nyat1246	S Africa	34.6657	-5.12263
nyaw1247	N Australia	146.216	-18.8743
nyig1240	N Australia	124.348	-17.9594
nyis1236	Indic	93.675529	27.278263
nyor1246	S Africa	31.3493	0.95294
nyul1247	N Australia	122.851	-16.9129
nyun1247	S Australia	118.151	-33.1199
nzad1234	S Africa	20.194462	-4.102208
nzak1246	African Savannah	15.6675	7.66745
nzak1247	African Savannah	22.8254	4.79567
obok1239	N Coast New Guinea	137.924	-2.88029
obom1235	Oceania	125.09	7.29141
occi1239	Europe	6.82979	44.1415
ocea1241	NA	NA	NA
ocot1244	Mesoamerica	-96.7263	16.8258
ofay1240	NE South America	-53.7227	-22.278
okan1243	Basin and Plains	-119.294	49.2745
okin1246	N Coast Asia	128.6187	27.37384
okoe1238	African Savannah	6.15725	7.53908
oksa1245	Interior New Guinea	142.177	-5.20797
okuu1243	African Savannah	10.5096	6.23712
olde1238	Europe	-1.31	51.06
oldk1249	Southeast Asia	103.866667	13.4125
oldm1242	Southeast Asia	100.5	14.83
oldm1243	Southeast Asia	103.353479	-0.648259
oloo1241	N Coast New Guinea	142.131	-3.2929
olut1240	Mesoamerica	-94.8863	17.8937
omah1247	Basin and Plains	-96.5295	42.0944
omie1241	S New Guinea	148.107	-9.03136
omii1238	S Africa	30.5385	3.2542
onaa1245	SE South America	-68.5	-54
onge1236	Southeast Asia	92.4707	10.6926
onon1246	E North America	-76.12	42.92
onto1237	Oceania	159.701	-5.49029
opat1246	Mesoamerica	-110.06212	31.15211
oriy1255	Indic	85	21
orma1241	S Africa	39.60749	-1.79489
oroc1248	N Coast Asia	137.85131	50.32354
oroh1237	Oceania	161.513	-9.7386
orok1265	N Coast Asia	143.12819	49.36393
orok1266	African Savannah	9.15209	4.89504
orok1267	S New Guinea	145.34	-7.81309
orok1269	S New Guinea	148.09	-8.79019
orow1242	Oceania	165.473	-21.6269
orya1242	N Coast New Guinea	139.89	-2.76483
osam1235	S Africa	13.61	-0.012
otor1240	African Savannah	30.573	11.1187
otta1242	E North America	-83.226	44.5988
owaa1237	Oceania	162.30467	-10.82553
paaa1242	African Savannah	9.30091	11.0175
paam1238	Oceania	168.23693	-16.47548
paas1238	African Savannah	-1.8048	10.2004
paco1243	Southeast Asia	107.094	16.3353
paez1247	Andean	-76.31254	2.61516
pagi1243	S Africa	22.1212	3.15636
pagu1249	Oceania	127.78	1.2134
pahn1237	Southeast Asia	105.165	22.8049
pait1244	Southeast Asia	93.6136	24.0381
paiw1248	Oceania	120.806	22.3271
pala1344	Oceania	134.476678	7.34138
pali1279	NE South America	-51.6246	3.63993
pamb1243	S Africa	26.61	3.739
pamo1252	Oceania	121.268	-1.62663
pamp1243	Oceania	120.502	14.9603
pana1305	California	-117.901	36.0007
pana1307	NE South America	-53	-10.58
pang1287	S Africa	34.8039	-9.96782
pang1290	Oceania	120.365	15.9377
pang1291	Oceania	120.536	6.27167
panj1256	Indic	75.6702	30.0368
pano1254	NE South America	-71.56151	-7.97456
pano1255	NE South America	-75	-7.16666
pany1241	S Australia	118.723	-22.7816
papa1238	Mesoamerica	-97.2554	20.5671
papa1265	Oceania	155.289	-5.92283
papa1268	Southeast Asia	115.58	5.57378
papu1250	N Coast New Guinea	139.651	-2.53482
para1301	Southeast Asia	99.375	22.8658
para1302	Southeast Asia	95.1618	26.2072
para1311	SE South America	-57.08816	-25.60551
para1316	NE South America	-71.8399	10.8427
pare1266	Indic	83.9723	19.075
pare1272	NE South America	-57.4059	-14.5929
pate1247	Interior New Guinea	146.639	-6.91988
patp1243	N Coast New Guinea	152.493	-3.74711
patt1248	Indic	76.5966	32.6963
paul1238	Oceania	128.779	-3.25404
paun1241	NE South America	-63.086994	-14.353747
pawa1255	S New Guinea	145.081	-6.88021
pawn1254	Basin and Plains	-96.8937	36.2862
payn1244	N Coast New Guinea	144.879	-4.94303
pech1241	Mesoamerica	-85.558	15.8033
peer1241	African Savannah	12.2518	7.82186
pela1242	Southeast Asia	97.9183	24.2142
pele1245	N Coast New Guinea	151.05	-5.58045
pemo1248	NE South America	-61.4033	4.97031
pend1242	Oceania	119.862	-0.11396
peng1244	Indic	83.6552	19.3435
penr1237	Oceania	-157.922908	-9.082238
peri1253	Inner Asia	110.157	42.4208
phai1238	Southeast Asia	101.218	19.0383
phak1238	Indic	95.8131	27.8197
phoe1239	Greater Mesopotamia	35.65	34.12
phom1236	Southeast Asia	94.7476	26.4715
phon1246	Southeast Asia	104.088	19.9622
piap1246	NE South America	-68.5953	4.37718
pich1237	NE South America	-74.60281	-10.47249
piji1239	Oceania	160.137	-9.567
pila1245	SE South America	-60.1537	-25.0058
pile1238	Oceania	166.247188	-10.173335
pima1248	Mesoamerica	-108.326	28.654
pina1252	Interior New Guinea	144.137	-5.12624
ping1243	Oceania	160.711	6.20743
pint1250	S Australia	130.643	-23.2963
pipi1250	Mesoamerica	-89.443	13.8931
pite1240	Europe	17.4261	66.4011
pitt1247	S Australia	139.983	-22.7952
plai1258	Basin and Plains	-110.463	51.2437
plat1254	Southeast Asia	47.1211	-19.5907
plau1238	Basin and Plains	-109.353868	49.578028
pnar1238	Indic	92.2628	24.8237
pohn1238	Oceania	158.223	6.87212
poko1263	S Africa	35.2318	1.57023
poli1260	Europe	18.6255	51.8439
poly1242	NA	NA	NA
popt1235	Mesoamerica	-91.6633	15.6609
port1283	Europe	-8.1	39.91
port1285	Oceania	167.78	-16.4952
pott1240	Indic	82.7586	18.596800000000002
poya1241	NE South America	-73.0758	-7.46909
pras1239	Indic	70.922783	35.420531
psik1239	African Savannah	13.569	10.677
puel1244	SE South America	-68.666	-42.223
puin1248	NE South America	-67.6886	3.92974
puka1242	Oceania	-165.83	-10.91
pula1262	African Savannah	-12.7338	12.1826
pula1263	African Savannah	-13.4482	13.8694
pulu1242	Oceania	149.2005	7.35695
puma1239	Indic	86.838	27.0774
pume1238	NE South America	-67.5996	7.10677
puni1241	N Africa	10.356444	36.527295
puoc1238	Southeast Asia	103.931	20.8862
puqu1242	Andean	-69.9611	-15.8992
pura1257	S New Guinea	145.036	-7.59133
pure1242	Mesoamerica	-101.631	19.2467
puri1258	Indic	76.0127	34.3386
puyu1239	Oceania	120.996	22.643
qanj1241	Mesoamerica	-91.3043	15.6846
qaqe1238	N Coast New Guinea	151.702	-4.45258
qaua1234	Southeast Asia	106.16455	26.155438
qawa1238	SE South America	-74.707536	-49.303195
qima1242	Greater Abyssinia	37.0542	12.8119
quap1242	Basin and Plains	-92	34.15
quer1236	Mesoamerica	-100.115	20.1396
quey1238	Southeast Asia	100.813	30.3113
quil1240	Alaska-Oregon	-124.603	47.9106
quio1240	Mesoamerica	-96.602	17.5621
rabh1238	Indic	91.1689	25.8248
rade1240	Southeast Asia	108.41	12.979
raji1240	Indic	81.577	28.6151
rama1270	Mesoamerica	-83.8571	11.5007
ramo1244	N Coast New Guinea	152.451	-4.17306
rapa1244	Oceania	-109.342	-27.113
rapa1245	Oceania	-144.338	-27.6304
rapo1238	Oceania	154.834	-5.78724
raro1241	Oceania	-159.78	-21.23
rata1244	Oceania	124.858	1.07592
raut1239	Indic	81.1617	28.9518
rawa1267	N Coast New Guinea	145.937	-5.83155
reja1241	Southeast Asia	114.169	2.71903
remb1250	Oceania	120.973	-8.53361
remo1247	Oceania	121.453	14.6254
rend1243	S Africa	37.3608	2.27065
reng1252	Southeast Asia	107.9459	14.456
renn1242	Oceania	160.265	-11.6237
rere1240	Oceania	167.651	-16.2934
resi1247	NE South America	-71.60524	-1.169535
reye1240	NE South America	-67.0833	-14.8333
rian1263	S New Guinea	138.484	-7.50746
rikb1245	NE South America	-58.1942	-11.1887
rita1239	N Australia	135.259	-13.4559
roma1326	Europe	9.92812	46.5538
romb1245	Oceania	122.56	12.4047
rong1264	Inner Asia	79.567	30.528
rong1266	Southeast Asia	93.7869	25.098
ronn1241	African Savannah	9.02	9.3
roto1249	Oceania	155.154	-5.94339
rotu1241	Oceania	177.066	-12.5008
rovi1238	Oceania	157.408	-8.20493
ruch1235	Southeast Asia	98.0915	21.6176
ruka1240	Oceania	120.844	22.7738
ruma1248	Southeast Asia	97.3172	23.6404
rumu1243	S New Guinea	144.179	-7.17149
rung1258	African Savannah	20.9945	9.7154
rung1259	Southeast Asia	116.743	6.83989
russ1263	Inner Asia	50	59
russ1264	Inner Asia	105.5637	50.85331
rutu1240	Greater Mesopotamia	47.3244	41.6187
saaa1240	Oceania	161.467	-9.60258
saaa1241	Oceania	168.228	-15.9534
saam1283	S Africa	34.0335	0.3652
saar1237	Oceania	120.711	23.2632
saba1263	Southeast Asia	117.024	4.64808
saba1267	Southeast Asia	115.512	5.30433
saba1268	NE South America	-60.335	-12.9857
sabu1255	Oceania	121.847	-10.5522
safw1238	S Africa	33.4766	-8.54936
saga1262	S Africa	38.5037	-3.60164
sais1237	Oceania	121.067	24.6043
saka1289	Oceania	167.051	-15.0757
saka1291	Southeast Asia	44.32	-20.28
saki1247	Oceania	121.531394	24.026316
saki1248	NE South America	-62.0927	-13.054
sali1253	California	-121.718	37.6646
salt1242	Interior New Guinea	145.021	-6.26519
samb1305	African Savannah	11.7366	8.19236
samb1311	African Savannah	11.7077	8.06905
samo1303	S New Guinea	142.195	-6.15496
samo1305	Oceania	-171.83	-13.92
sana1295	Greater Mesopotamia	44.8412	15.6552
sana1297	Mesoamerica	-81.70425	12.55352
sanb1241	Mesoamerica	-96.762	16.0409
sanb1242	Andean	-78.3075	9.15686
sand1273	S Africa	35.4808	-5.26918
sand1278	Mesoamerica	-94.7001	16.3514
sang1321	Southeast Asia	94.6279	25.8581
sang1330	S Africa	33.9	-8.4
sang1331	S Africa	26.8462	-10.0236
sani1269	Southeast Asia	103.759	24.278
sanj1284	Mesoamerica	-96.5967	17.0332
sanm1289	NE South America	-76.6608	-6.9582
sanm1295	Mesoamerica	-97.622482	17.046881
sanm1301	Mesoamerica	-97.5936	18.74
sant1410	Indic	87.8185	25.0317
sant1436	Mesoamerica	-97.9484	16.7003
sant1451	Mesoamerica	-96.0486	16.033
sanu1240	NE South America	-64.5	4.5
sapo1253	Oceania	154.732	-5.64103
sapu1248	Southeast Asia	106.843	15.3692
sara1321	African Savannah	19.2566	9.39388
sara1327	Oceania	125.499	5.84903
sara1331	NE South America	-57.8	-16.07
sara1340	NE South America	-54.0238	4.54729
sars1236	Basin and Plains	-114.301	50.8822
sasa1249	Oceania	116.284	-8.58349
sata1237	Oceania	147.038	7.36084
sauk1252	N Coast New Guinea	146.759	-6.31958
saur1249	Indic	87.6432	24.8124
savo1255	Oceania	159.814	-9.12853
saya1246	African Savannah	9.71748	9.69441
seda1262	Southeast Asia	108.027	14.7793
seim1238	Oceania	144.25	-1.2666667
seke1241	Oceania	168.197	-15.8839
sekp1241	African Savannah	0.5886	7.16751
sela1259	Oceania	130.961	-8.18376
sela1260	Oceania	120.496	-6.10145
sele1249	African Savannah	0.42458	7.17462
sele1250	N Coast New Guinea	147.234	-6.03532
selk1253	Inner Asia	82.3004	59.9409
sema1265	Southeast Asia	102.816	4.1217
sema1266	Southeast Asia	101.477	4.13257
seme1247	Southeast Asia	102.806	2.82799
sene1264	E North America	-77.53	42.56
seng1281	N Coast New Guinea	149.784	-6.16474
seri1257	Mesoamerica	-112.384	28.9877
serr1255	California	-116.772	33.9479
seve1240	E North America	-89.9331	53.9092
sgaw1245	Southeast Asia	97.7126	17.9872
shab1252	Greater Abyssinia	35.223	7.64407
sham1280	S Africa	38.29	-4.8
shan1283	NE South America	-73.3264	-8.00919
shas1239	California	-122.738	41.7587
shaw1249	E North America	-83	40
shee1238	Southeast Asia	114.814	23.0399
shek1245	Greater Abyssinia	35.2826	7.05022
sher1257	Indic	92.5799	27.0035
sher1258	African Savannah	-12.7405	7.77585
shil1265	African Savannah	31.7926	9.85472
ship1254	NE South America	-74.8219	-7.17105
shix1238	Southeast Asia	100.4	28.3895
shol1240	Indic	77.2211	11.9458
shon1251	S Africa	29.75725	-17.20849
shor1247	Inner Asia	88.4344	52.32607
shos1248	Basin and Plains	-116	41
shua1257	NE South America	-78.1892	-3.45136
shwe1236	Southeast Asia	97.7972	23.6729
siam1242	African Savannah	-4.92143	10.998
siar1238	N Coast New Guinea	152.892	-4.62059
siaw1243	N Coast New Guinea	141.42	-4.05312
sich1238	Southeast Asia	102.121	28.1947
sici1248	Europe	14.0414	37.5735
sici1249	African Savannah	-5.28932	11.1789
sida1246	Greater Abyssinia	38.3729	6.74176
siee1239	Oceania	169.166	-18.8181
sier1248	Mesoamerica	-96.9	18.45
sier1250	Mesoamerica	-96.6191	17.4219
sika1261	Oceania	162.72952	-8.378194
siks1238	Basin and Plains	-113.109	49.0669
siku1242	Southeast Asia	95.9636	2.69113
sile1255	N Coast New Guinea	145.225	-4.98243
simb1256	Oceania	156.541	-8.26947
sina1266	S New Guinea	147.861	-9.79791
sing1264	Southeast Asia	95.606	27.296
sini1242	African Savannah	-0.78772	13.7206
sion1247	NE South America	-76.0237	0.31733
sioo1240	N Coast New Guinea	147.353	-5.96037
sira1267	Oceania	120.315	22.9777
siri1273	NE South America	-63.9688	-15.5298
siri1274	NE South America	-70.184	0.436515
siro1249	N Coast New Guinea	145.994	-5.52893
sisi1250	Oceania	156.83	-7
situ1238	Southeast Asia	102.660664	31.590536
sius1254	California	-124.379	42.5111
siwa1245	Oceania	155.452	-6.6429
siwi1239	N Africa	25.519627	29.200415
siwu1238	African Savannah	0.44362	7.23811
siyi1240	Southeast Asia	93.6884	23.8192
skol1241	Inner Asia	29.7204	68.8326
slov1268	Europe	14.7766	46.2543
sobe1238	N Coast New Guinea	138.75	-1.86998
soch1239	Mesoamerica	-96.6079	17.7985
soga1242	S Africa	33.3942	0.40456
soli1239	S Africa	28.7934	-15.5213
soma1255	Greater Abyssinia	45.152856	4.778704
soni1259	African Savannah	-11.7178	13.1273
sons1242	Oceania	132.221282	5.328596
sooo1254	Southeast Asia	105.001	16.9081
sooo1256	S Africa	34.7595	2.58367
sora1254	Indic	84.19	19.1213
sout1528	Europe	18.81	44.15
sout1549	Indic	78.5936	19.6908
sout2649	Greater Mesopotamia	65.7	31.5
sout2674	Europe	13.7006	62.8801
sout2679	Inner Asia	27	57.85
sout2715	Indic	84.8511	28.106
sout2728	Southeast Asia	103.384	31.5392
sout2729	Southeast Asia	100.622	27.8408
sout2730	Southeast Asia	100.289	25.519
sout2741	Southeast Asia	109.222	25.8874
sout2782	African Savannah	13.6164	9.51408
sout2797	African Savannah	-4.65678	10.877
sout2807	S Africa	27.89	-28.78
sout2826	African Savannah	-7.56872	4.47607
sout2856	Oceania	168.377	-17.7006
sout2857	Oceania	167.477	-16.5116
sout2859	Oceania	168.211	-16.2975
sout2869	Oceania	169.35603	-19.57953
sout2895	Oceania	129.148	-3.23411
sout2896	Oceania	123.531	-8.49783
sout2912	Oceania	124.29	13.6989
sout2918	Southeast Asia	119.483887	4.755836
sout2949	S New Guinea	143.244	-8.64889
sout2954	N Coast Asia	129.28521	28.1955
sout2956	Alaska-Oregon	-132.008	53.2616
sout2959	E North America	-117.047	59.8794
sout2976	Mesoamerica	-103.983	23.1584
sout2985	California	-120.507	38.2363
sout2989	SE South America	-57.945626	-23.427556
sout2994	NE South America	-59.5187	-14.3707
sout2996	Andean	-70.3442	-17.1417
sout3236	Greater Abyssinia	35.51	9.98
sout3261	Greater Mesopotamia	47.565486	41.977226
sril1245	Indic	79.864	6.91603
stan1289	Europe	1.569	41.453
stan1290	Europe	2	48
stan1293	Europe	-1	53
stan1306	Southeast Asia	101.699	3.08896
stan1318	Greater Mesopotamia	43.8525	27.9625
suab1238	N Coast New Guinea	132.157	-2.07971
suba1238	S Africa	34.1033	-0.95719
suda1237	African Savannah	28.774	5.654
sude1239	S New Guinea	153.488	-11.5229
suen1241	S New Guinea	147.534	-7.76339
suku1259	S Africa	17.7736	-5.76495
suku1261	S Africa	32.8765	-3.16082
suku1272	African Savannah	13.6437	10.8933
sulk1246	N Coast New Guinea	151.891	-5.03471
sume1241	Greater Mesopotamia	45.6667	31.3
sumi1235	Southeast Asia	94.4235	25.9996
sund1252	Southeast Asia	107.106	-6.89708
sunw1242	Indic	86.2476	27.5201
supy1237	African Savannah	-5.87709	11.632
surg1248	Inner Asia	73.35	61.25
surs1246	N Coast New Guinea	152.768	-3.99078
suru1261	NE South America	-48.588	-5.9271
suru1262	NE South America	-61.2818	-11.0989
susu1250	African Savannah	-13.3628	10.4046
swah1253	S Africa	37.624	-8.25605
swed1254	Europe	17.389526	59.800634
taba1263	Oceania	127.633	1.46563
tabo1241	S New Guinea	143.305	-8.09387
tafi1243	African Savannah	0.39875	6.79522
taga1270	Oceania	121.747	14.06
taga1272	Oceania	125.175	6.9712
taga1273	Southeast Asia	116.177	4.42907
tagb1258	Oceania	118.497	9.54263
tagi1241	Indic	94.221711	27.986064
tago1246	African Savannah	30.9306	12.0346
tagw1240	African Savannah	-5.17372	8.67053
taha1241	N Africa	8.73169	22.5908
tahi1242	Oceania	-149.45	-17.6485
taia1239	N Coast New Guinea	144.506	-4.05047
tain1253	S New Guinea	145.682	-7.40306
tain1254	Mesoamerica	-66.8042	18.2836
taji1246	Oceania	120.01	-0.31553
take1257	California	-123.452	42.423
taki1248	N Coast New Guinea	145.975	-4.69057
taku1257	Oceania	157.032085	-4.773094
tali1259	Oceania	160.231	-9.76764
tama1331	African Savannah	21.9951	14.332
tama1365	African Savannah	-2.41269	14.2038
tamb1254	Southeast Asia	116.373	5.68284
tami1289	Indic	78.825989	10.520219
tami1290	N Coast New Guinea	147.732	-6.70017
tane1237	Oceania	166.97	-11.68
tang1334	Southeast Asia	102.246464	38.894904
tang1336	Southeast Asia	94.3567	25.0489
tang1347	Oceania	166.958	-15.5643
tang1348	Oceania	153.611	-4.08824
tang1373	Inner Asia	103.54273	35.803799
tang1377	Indic	94.98	28.95
tani1257	NE South America	-70.3853	-0.59023
tanz1241	S Africa	35.459	-11.779
tara1313	Southeast Asia	94.1703	24.4003
tari1256	NE South America	-68.9042	0.440205
tari1263	N Africa	-3.430616	34.916974
taro1264	Oceania	121.358	23.9032
tata1255	Inner Asia	49.11577	55.79592
tata1257	Southeast Asia	115.553	5.49808
tata1258	Mesoamerica	-97.5311	16.2963
taul1251	N Coast New Guinea	152.095	-4.44425
taus1251	Southeast Asia	118.88	5.12236
taus1253	NE South America	-75.5603	-3.22497
tauy1241	Interior New Guinea	145.366	-5.74255
tawa1275	S New Guinea	150.644	-10.3115
tawa1286	African Savannah	4.47692	13.9878
taya1257	N Africa	7.6743	16.9232
tbol1240	Oceania	124.538	6.20377
tean1237	Oceania	166.868	-11.6752
teda1241	African Savannah	14.7717	18.0426
tedi1235	Southeast Asia	93.519	23.6079
tega1236	African Savannah	31.1112	11.9523
tehu1242	SE South America	-68.3235	-47.5796
teiw1235	Oceania	124.174	-8.37662
teke1275	S Africa	14.8664	-1.61688
tekt1235	Mesoamerica	-92.1136	15.4599
tele1256	Interior New Guinea	141.731	-5.07444
telu1262	Indic	78.7024	16.4529
tema1239	Mesoamerica	-99.7968	19.3282
temb1272	S Africa	20.36849	2.0246
temi1246	Southeast Asia	101.438	4.974
temo1245	Mesoamerica	-99.6541	19.6001
temp1235	Southeast Asia	116.545	6.36389
tene1248	African Savannah	-3.37158	14.0675
teng1272	Southeast Asia	113.037	-7.89069
tenn1246	African Savannah	32.6307	4.91107
teop1238	Oceania	154.971	-5.67474
tepe1278	Mesoamerica	-101.729	19.2343
tera1251	African Savannah	11.80953	11.0376
tere1278	Oceania	155.745	-6.70051
tere1279	SE South America	-56.0329	-20.6614
teri1250	Mesoamerica	-82.9631	9.067
term1237	Oceania	123.169	-10.7326
tern1247	Oceania	127.333	0.80562
tete1251	Mesoamerica	-98.893	18.8854
tetu1245	Oceania	125.528	-9.11217
tetu1246	Oceania	125.583	-8.58405
teun1241	Oceania	129.143718	-6.97086
tezo1238	Mesoamerica	-97.9002	17.6155
thad1238	Southeast Asia	93.722	24.096
thai1261	Southeast Asia	100.671	14.192
thak1245	Indic	83.6466	28.7014
than1259	Indic	85.7657	28.7554
thao1240	Oceania	120.93	23.8333
thar1283	S Africa	38.073	-0.13221
thay1249	N Australia	142.034	-14.8159
thul1246	Indic	87.6063	27.5389
thur1254	S Australia	150.721	-34.634
tibe1272		90.1872	28.3681
tibe1274	African Savannah	11.3103	5.30535
ticu1245	NE South America	-69.8723	-3.66289
tido1248	Oceania	127.746	0.02461
tief1242	African Savannah	-4.52619	10.7184
tief1244	African Savannah	-4.45	10.85
tien1242	S Africa	16.4765	-2.84694
tiga1245	N Coast New Guinea	150.893	-2.70951
tigo1236	African Savannah	10.70849	6.983995
tika1246	African Savannah	11.6104	5.87004
tiko1237	Oceania	168.822	-12.2766
tilu1238	Indic	86.4694	27.2203
tima1241	African Savannah	29.1632	11.7176
timn1235	African Savannah	-12.3331	8.90294
timu1262	Southeast Asia	115.826	5.1796
tina1248	Oceania	120.095	15.5797
tira1254	African Savannah	30.8092	11.0963
tiri1258	Oceania	165.792	-21.8147
tiru1241	Oceania	124.127	6.77321
tita1241	N Coast New Guinea	146.888	-2.18168
tivv1240	African Savannah	9.26287	6.88039
tiwi1244	N Australia	130.949	-11.6308
toab1237	Oceania	160.619	-8.39233
toar1246	S New Guinea	146.206	-8.07231
toba1268	SE South America	-58.0158	-21.5474
tobe1252	Oceania	128.154	1.0946
toda1252	Indic	77.0168	11.4184
toho1245	Basin and Plains	-111.995	31.7973
tojo1241	Mesoamerica	-91.7825	16.2572
toke1240	Oceania	-171.780833	-9.227642
tokp1240	S New Guinea	147.303	-9.41971
toll1241	Mesoamerica	-87.0372	14.6686
tolo1255	Oceania	166.772	-15.1569
toma1245	African Savannah	-9.23439	8.20383
tomb1244	Southeast Asia	117.322	6.2892
tomm1242	African Savannah	-3.28	14.756
tond1249	African Savannah	-2.816163	15.262989
tong1308	Southeast Asia	100.102	6.88137
tong1318	S Africa	27.103495	-17.422325
tong1325	Oceania	-175.25	-21.17
tong1329	California	-118.11	34.1
tonk1249	Basin and Plains	-96.75	30.25
toor1238	S Africa	30.6389	0.57291
tora1259	Oceania	155.496	-6.19922
torr1261	N Australia	142.692	-11.066
tosk1239	Europe	20	41
tote1238	S Africa	24.3751	-16.9575
toto1302	Indic	88.975	26.67
touo1238	Oceania	157.296	-8.58405
trin1274	NE South America	-65.4096	-15.3331
trio1238	NE South America	-55.7599	2.53616
trum1247	NE South America	-53.5717	-11.8119
tsam1247	Greater Abyssinia	36.9139	5.3097
tsat1238	Southeast Asia	109.336	18.3192
tsha1245	Indic	91.7741	27.3694
tsis1238	African Savannah	5.11073	10.2882
tsix1234	S Africa	23.998153	-19.180953
tsog1243	S Africa	11.1359	-1.55469
tson1249	S Africa	31.8105	-23.5754
tsou1248	Oceania	120.787	23.216
tswa1253	S Africa	24.7587	-24.368
tswa1255	S Africa	32.4287	-22.9891
tuba1278	California	-117.163	35.327
tuca1252	NE South America	-69.5763	0.579755
tuge1241	S Africa	35.8499	0.66573
tugu1245	Oceania	126.7	-7.72555
tuka1248	Oceania	123.578	-5.30994
tuki1240	African Savannah	11.5353	4.64348
tula1252	African Savannah	11.52551	9.84629
tule1245	California	-118.768616	36.05354
tulu1258	Indic	75.2651	12.8114
tuml1238	N Coast New Guinea	142.346	-3.14955
tumu1242	African Savannah	-1.79707	10.63451
tune1261	African Savannah	10.67	4.75
tung1290	N Coast New Guinea	150.198	-2.52188
tuni1252	E North America	-92.5403	30.9888
tunn1238	Greater Abyssinia	43.6847	1.06167
tupi1273	SE South America	-42.106389	-22.807778
turk1303	Greater Mesopotamia	50.32223	34.42237
turk1304	Greater Mesopotamia	59.17574	37.08719
turk1308	Greater Abyssinia	35.7101	4.30688
tusc1257	E North America	-79.4214	43.1303
tutu1241	Oceania	167.268889	-15.580667
tuva1244	Oceania	179.198088	-8.520813
tuvi1240	Inner Asia	94.36667	51.7
tuwa1243	Oceania	121.113	16.6646
tuwu1238	African Savannah	0.38008	7.31095
twan1247	Alaska-Oregon	-123.21227	47.48952
ubir1237	S New Guinea	149.396	-9.59044
ubyk1235	Greater Mesopotamia	39.67	43.67
udih1248	N Coast Asia	135.67762	46.63086
udii1243	Greater Mesopotamia	47.7236	40.9
uduk1239	Greater Abyssinia	34.2293	9.16012
ugar1238	Greater Mesopotamia	35.78	35.6
ughe1237	Oceania	157.341	-8.45725
ugon1239	Southeast Asia	100.098	14.2408
ukaa1243	African Savannah	6.03933	7.59722
ukra1253	Inner Asia	29.945	49.796
ulch1241	N Coast Asia	140.29045	51.85209
ulit1238	Oceania	139.603611	9.961388
ulwa1239	Mesoamerica	-83.581467	12.932292
umaa1242	Oceania	119.968	-1.70416
uman1240	S New Guinea	149.658	-9.89671
umbu1235	N Australia	131.825	-12.9325
umbu1257	S Africa	14.4148	-12.4763
umbu1258	Interior New Guinea	143.97	-5.9513
umes1235	Europe	18.646	64.6383
umii1235	N Australia	124.5	-16.559333
umot1240	NE South America	-57.4192	-15.5929
unaa1239	Interior New Guinea	140.1	-4.69676
unea1237	N Coast New Guinea	149.141	-4.89383
unua1237	Oceania	167.599	-16.2638
uppe1275	Mesoamerica	-97.81	20.236
uppe1427	Southeast Asia	116.901	5.31911
uppe1439	Alaska-Oregon	-123.169	46.7981
urak1238	Southeast Asia	99.0768	7.5258
urar1246	NE South America	-75.4211	-4.44006
urav1235	Oceania	169.084	-18.6747
urim1252	N Coast New Guinea	142.653	-3.58018
urip1239	Oceania	167.34643	-16.00951
urni1239		133.023	-13.4766
urua1242	Oceania	155.573	-6.23314
uruu1244	Andean	-68.971190000000007	-16.72547
usan1239	N Coast New Guinea	145.362	-4.84265
utes1238	Basin and Plains	-110.305	40.0965
uuuu1243	Southeast Asia	101.772	22.6767
vano1237	Oceania	166.7984	-11.6107
veps1250	Inner Asia	34.7865	60.3353
vera1241	Oceania	167.428701	-13.892528
viem1243	African Savannah	-3.84128	10.8429
viet1252	Southeast Asia	105.774071	20.681188
vinm1237	Oceania	167.427	-16.2253
voti1245	Inner Asia	28.6235	59.3802
vunj1238	S Africa	37.5847	-3.42531
vure1239	Oceania	167.451412	-13.905677
vwan1235	S Africa	34.0757	-9.00683
wadj1254	N Australia	130.737	-12.8596
waga1260	S Australia	137.623	-20.329
wage1238	N Australia	131.893	-13.8627
waig1244	N Coast New Guinea	130.917	-0.17957
waim1251	S New Guinea	146.544	-8.67145
waim1252	Oceania	126.317	-8.53416
waim1253	NE South America	-60.4259	-0.61832
waiw1244	NE South America	-59.1417	1.50881
waja1257	S Australia	117.153	-28.1761
waja1259	African Savannah	11.7206	9.91175
waka1274	S Australia	151.868	-26.248
wala1266	Oceania	160.741	-8.81936
wall1257	Oceania	-176.207	-13.2903
walm1241	S Australia	126.113	-19.7229
wamb1257	Indic	86.47646	27.14808
wamb1258	N Australia	135.683	-17.496
wamb1259	S New Guinea	140.48	-5.44334
wand1267	N Coast New Guinea	133.996	-2.25622
wand1278	African Savannah	13.8996	11.3169
wang1291	S Australia	146.18	-30.6481
wanm1242	S Australia	122.325	-22.7078
wann1242	African Savannah	-5.82092	7.88773
waor1240	NE South America	-76.683	-1.12312
wapi1253	NE South America	-59.8021	2.58744
wapp1239	California	-122.5	38.25
wara1292	African Savannah	-5.37515	10.7283
wara1294	S New Guinea	141.52	-8.64917
wara1300	Oceania	125.012	11.4911
wara1303	NE South America	-59.3528	7.50851
ward1246	N Australia	132.604	-15.4155
ware1253	N Coast New Guinea	137.566	-1.65941
ware1255	NE South America	-67.092099	2.904099
wari1268	NE South America	-64.56152	-10.69948
warj1242	Indic	91.6266	25.1154
warl1254	S Australia	131.05	-20.1008
warl1255	N Australia	133.862	-18.949
warl1256	S Australia	138.738	-22.2909
waro1242	N Coast New Guinea	136.633	-2.31142
warr1255	N Australia	146.179	-18.5468
warr1258	N Australia	123.971	-17.0965
waru1264	N Australia	144.37	-18.2496
waru1265	S Australia	134.375	-20.6479
wash1253	California	-119.64	38.8184
wask1241	N Coast New Guinea	145.979	-4.57978
wath1238	S Australia	144.1013148	-37.68777565
waur1244	NE South America	-53.6971	-13.296
wawa1246	African Savannah	11.7802	6.68974
waya1269	NE South America	-54.4429	2.77537
wayu1241	Indic	86.1227	27.3047
wayu1243	NE South America	-72.199791	11.395566
weda1241	S New Guinea	150.172	-10.1246
wels1247	Europe	-4	52
weri1253	S New Guinea	146.914	-7.71834
west2354	Europe	5.86091	53.143
west2369	Greater Mesopotamia	53.3	32.9
west2386	Indic	75.3474	30.0948
west2392	Inner Asia	46.569	56.22
west2396	Southeast Asia	99.2057	19.8678
west2397	Southeast Asia	104.754	16.4906
west2415	Indic	85.0563	28.0239
west2417	Southeast Asia	101.418	29.444
west2418	Indic	83.511	28.2462
west2430	Southeast Asia	109.67	28.33
west2441	S Australia	133.24621	-24.05052
west2466	African Savannah	-4.76482	10.6298
west2516	Oceania	166.589	-20.4145
west2519	Oceania	177.657	-17.8355
west2538	Oceania	134.168	-6.62046
west2548	Oceania	128.585	-7.12065
west2555	Oceania	124.825	7.6682
west2557	Oceania	122.341	7.79964
west2560	Southeast Asia	116.124	6.00631
west2564	Southeast Asia	114.528	3.9815
west2594	Interior New Guinea	138.217	-3.77127
west2599	Interior New Guinea	143.73	-6.32097
west2600	Oceania	127.63	0.45332
west2615	Basin and Plains	-110.123	33.8574
west2618	E North America	-96.148	64.3486
west2624	Mesoamerica	-98.7711	21.3711
west2632	Basin and Plains	-107.517	34.9733
west2635	Mesoamerica	-91.8421	15.5932
west2644	Mesoamerica	-97.3244	16.2495
west2650	Southeast Asia	104.026	12.4771
west2763	Greater Mesopotamia	36.484	33.8162
west2778	Mesoamerica	-104.9	22.6
whit1269	Oceania	169.381	-19.5019
wikm1247	N Australia	141.81611	-13.98051
wila1240	N Australia	126.6	-14.9105
winj1235	N Australia	124.539184	-15.355178
wint1259	California	-122.445	39.7176
wira1262	S Australia	145.994	-34.0742
wira1265	S Australia	134	-32
wiru1244	Interior New Guinea	144.214	-6.35863
woii1237	N Coast New Guinea	135.484	-1.62746
woiw1237	S Australia	145.5879962	-37.64264501
wola1242	Greater Abyssinia	37.7537	6.32668
wola1253	Greater Abyssinia	38.14	8.23
wole1240	Oceania	143.916	7.37957
woli1241	Oceania	122.67	-5.33
wood1236	E North America	-99	57
worr1237	N Australia	124.881218	-15.612781
wotu1240	Oceania	120.9	-2.59593
woun1238	Andean	-78	8.5
wuch1236	Southeast Asia	119.682	29.8621
wudi1238	Southeast Asia	102.48	25.48
wuna1249	N Australia	125.72	-14.8347
wusa1235	Southeast Asia	102.367	25.7707
wutu1241	Inner Asia	101.957	35.269
wuvu1239	N Coast New Guinea	142.851	-1.73938
wyan1247	E North America	-77.5	44.33
xamt1239	Greater Abyssinia	38.8352	12.4479
xara1244	Oceania	165.996	-21.7034
xava1240	NE South America	-52.4367	-14.3017
xhos1239	S Africa	28.0769	-31.0389
xinc1242	Mesoamerica	-90.380259	14.083301
xinc1243	Mesoamerica	-89.790974	14.194497
xinc1246	Mesoamerica	-90.416651	14.069981
xink1235	Mesoamerica	-90.256519	14.341898
xish1235	Southeast Asia	100.711	24.8709
xokl1240	SE South America	-49.5886	-26.9217
yaak1241	S Africa	37.1008	0.46863
yabe1254	N Coast New Guinea	147.81	-6.67052
yaey1239	N Coast Asia	123.801	24.3401
yaga1260	Interior New Guinea	145.388	-6.32432
yagu1244	NE South America	-72.2186	-3.42913
yaka1269	S Africa	16.775	-5.984
yaka1272	S Africa	17.2713	3.6515
yaka1277	Oceania	122.021729	6.531023
yaki1237	Basin and Plains	-120.756	46.2655
yakk1236	Indic	87.9306	27.3714
yako1252	S Africa	22.1702	4.1651
yaku1245	Inner Asia	133.98031	61.69744
yala1262	S Australia	139.511	-21.731
yala1266	Oceania	129.315	-3.3619
yale1246	N Coast New Guinea	141.566	-3.79762
yama1264	SE South America	-68.2648	-55.2748
yami1254	Oceania	121.544	22.055
yami1256	NE South America	-71.5964	-9.8846
yamp1242	Indic	87.0441	27.6322
yana1271	California	-121.608	39.2769
yand1253	S Australia	140.583	-28.4744
yane1238	Andean	-75.315	-10.5454
yank1247	S Australia	133.577	-26.4064
yano1261	NE South America	-64.8781	1.67967
yano1262	NE South America	-62.8522	2.48999
yany1243	N Australia	136.055	-15.7621
yaoo1241	S Africa	35.2387	-13.6119
yaou1238	African Savannah	-5.57851	6.95282
yape1248	Oceania	138.125	9.55811
yapu1240	N Coast New Guinea	142.436	-3.47256
yaqu1251	Mesoamerica	-110.681	29.9446
yare1248	S New Guinea	148.605	-9.50651
yasa1242	African Savannah	10.678	2.06043
yatz1235	Mesoamerica	-96.284	17.1869
yaul1241	N Coast New Guinea	143.993	-4.39912
yaum1237	N Coast New Guinea	146.841	-6.08274
yavi1244	NE South America	-67.438886	2.9248440000000002
yawa1260	NE South America	-71.8199	-8.87563
yawa1261	NE South America	-53.4236	-12.5104
yawu1244	N Australia	122.693	-18.004
yayg1236	S Australia	153.18784362556	-29.686722970453
yecu1235	Mesoamerica	-96.8741	20.1765
yele1255	S New Guinea	154.127	-11.3796
yems1235	Greater Abyssinia	37.4412	7.79821
yess1239	N Coast New Guinea	142.574	-4.15721
yeyi1239	S Africa	23.6088	-18.9178
yidi1250	N Australia	145.876	-17.1332
yima1243	N Coast New Guinea	143.572	-4.71731
yinc1238	Southeast Asia	97.9166	20.0833
yind1247	S Australia	117.001	-21.5379
yind1248	S Australia	137.5894	-19.24252
yine1238	NE South America	-73.3087	-11.1086
ying1247	S Australia	115.58	-25.4446
yoga1237	Oceania	121.718	16.7015
yoku1256	California	-119.721	36.3167
yona1241	Oceania	122.99075	24.44997
yong1270	Southeast Asia	100.9	27.8
yong1276	Southeast Asia	108.15	23.1
yong1280	S New Guinea	141.213	-6.42956
yora1241	NE South America	-72.0409	-11.3704
yort1237	S Australia	145.01	-35.9
youl1235	Southeast Asia	101.057	22.0473
youn1235	Southeast Asia	110.474	25.7638
yuca1254	Mesoamerica	-88.9567	18.7757
yuch1247	E North America	-86.75	35.75
yucu1253	NE South America	-71.0033	-0.76075
yuec1235	Southeast Asia	113	23
yuki1243	California	-123.296	39.8389
yukp1241	NE South America	-73.0557	9.67534
yulp1239	S Australia	122.370316	-18.923519
yulu1243	African Savannah	23.6166	8.04124
yuqu1240	NE South America	-64.9438	-16.7875
yura1255	NE South America	-65.1224	-16.7479
yuro1248	California	-123.824	41.3262
zaba1237	Oceania	158.753	-7.74311
zaca1241	Mesoamerica	-97.8974	20.0581
zaca1242	Mesoamerica	-97.3069	16.08
zagh1240	African Savannah	23.4626	17.4842
zaiw1241	Southeast Asia	98.3643	24.1726
zakh1243	Indic	97.022	28.129
zamb1245	S Africa	18.3	1.25
zand1248	S Africa	26.7157	4.62047
zani1235	Mesoamerica	-97.2876	16.6804
zapa1253	NE South America	-76.364	-1.99871
zarm1239	African Savannah	2.41173	12.8554
zaye1235	Southeast Asia	96.908	20.16
zays1235	Greater Abyssinia	37.3409	5.83747
zeme1240	Southeast Asia	93.6463	25.3499
zenz1235	Mesoamerica	-97.45546	16.52799
zhab1238	Southeast Asia	100.983	30.7416
zigu1244	S Africa	38.41138	-5.61864
zinz1238	S Africa	32.1755	-2.64132
zoog1238	Mesoamerica	-96.3433	17.2016
zulg1242	African Savannah	14.0578	10.827
zulu1248	S Africa	30.2	-28.9
zuni1245	Basin and Plains	-108.782	35.0056
