Language_ID,used_in_reanalysis,ISO_639,used_in_original_analysis
afar1241,yes,aar,Yes
alab1254,yes,alw,Yes
arbo1245,yes,arv,Yes
argo1244,yes,agj,Yes
awad1243,yes,awa,Yes
bahi1252,yes,bhj,Yes
bala1315,yes,blz,Yes
bant1281,yes,bap,Yes
bara1357,yes,brd,Yes
bela1254,yes,bel,Yes
belh1239,yes,byw,Yes
bhoj1244,yes,bho,Yes
boro1277,yes,bwo,Yes
bugi1244,yes,bug,Yes
bujh1238,yes,byh,Yes
bulu1251,yes,bum,Yes
burj1242,yes,bji,Yes
byan1241,yes,bee,Yes
caml1239,yes,rab,Yes
cent1989,yes,khm,Yes
cent2050,yes,knc,Yes
char1269,yes,cra,Yes
chep1245,yes,cdm,Yes
chhi1245,yes,ctn,Yes
chuv1255,yes,chv,Yes
colu1241,yes,col,Yes
czec1258,yes,ces,Yes
daas1238,yes,dsh,Yes
dara1250,yes,dry,Yes
dhim1246,yes,dhi,Yes
djee1236,yes,djj,Yes
dobu1241,yes,dob,Yes
dumi1241,yes,dus,Yes
dutc1256,yes,nld,Yes
dyul1238,yes,dyu,Yes
ewee1241,yes,ewe,Yes
fiji1243,yes,fij,Yes
finn1318,yes,fin,Yes
gand1255,yes,lug,Yes
gumu1244,yes,guk,Yes
guru1261,yes,gvr,Yes
gusi1247,yes,guz,Yes
hadi1240,yes,hdy,Yes
haka1240,yes,cnh,Yes
hame1242,yes,amf,Yes
hebr1245,yes,heb,Yes
hela1238,yes,scp,Yes
iban1264,yes,iba,Yes
iris1253,yes,gle,Yes
ital1282,yes,ita,Yes
juku1254,yes,jbu,Yes
kafa1242,yes,kbr,Yes
kamb1297,yes,kam,Yes
khal1275,yes,klr,Yes
khar1287,yes,khr,Yes
kinn1249,yes,kfk,Yes
koon1244,yes,kng,Yes
koor1239,yes,kqy,Yes
kuan1247,yes,kua,Yes
kuan1248,yes,ksd,Yes
kulu1253,yes,kle,Yes
kumz1235,yes,zum,Yes
kuna1268,yes,kun,Yes
lepc1244,yes,lep,Yes
mait1250,yes,mai,Yes
mala1464,yes,mal,Yes
male1284,yes,mdy,Yes
mara1378,yes,mar,Yes
masb1238,yes,msb,Yes
meen1242,yes,mym,Yes
melo1242,yes,mfx,Yes
mode1248,yes,ell,Yes
mwan1247,yes,wmw,Yes
naur1243,yes,nau,Yes
newa1246,yes,new,Yes
nisg1240,yes,ncg,Yes
niua1240,yes,num,Yes
nucl1301,yes,tur,Yes
nucl1305,yes,kan,Yes
nucl1310,yes,mya,Yes
nuer1246,yes,nus,Yes
nupe1254,yes,nup,Yes
oriy1255,yes,ory,Yes
panj1256,yes,pan,Yes
patt1248,yes,lae,Yes
ping1243,yes,pif,Yes
pipi1250,yes,ppl,Yes
puma1239,yes,pum,Yes
qima1242,yes,ahg,Yes
raji1240,yes,rji,Yes
rovi1238,yes,rug,Yes
sant1410,yes,sat,Yes
sgaw1245,yes,ksw,Yes
shon1251,yes,sna,Yes
slov1268,yes,slv,Yes
sout2807,yes,sot,Yes
sout2956,yes,hax,Yes
stan1289,yes,cat,Yes
sunw1242,yes,suz,Yes
swah1253,yes,swh,Yes
swed1254,yes,swe,Yes
tami1289,yes,tam,Yes
tern1247,yes,tft,Yes
thak1245,yes,ths,Yes
than1259,yes,thf,Yes
thul1246,yes,tdh,Yes
tibe1272,yes,bod,Yes
timn1235,yes,tem,Yes
tsam1247,yes,tsb,Yes
tson1249,yes,tso,Yes
tswa1253,yes,tsn,Yes
ukra1253,yes,ukr,Yes
wamb1257,yes,wme,Yes
ware1253,yes,wsa,Yes
wayu1241,yes,vay,Yes
west2369,yes,pes,Yes
west2415,yes,tdg,Yes
wola1242,yes,wal,Yes
xamt1239,yes,xan,Yes
yakk1236,yes,ybh,Yes
abar1238,yes,mij,Yes
abkh1244,yes,abk,Yes
abun1252,yes,kgr,Yes
acha1249,yes,acn,Yes
achi1256,yes,acr,Yes
achi1257,yes,ace,Yes
achu1248,yes,acu,Yes
acol1236,yes,ach,Yes
adan1251,yes,adn,Yes
adon1237,yes,adr,Yes
adze1240,yes,adz,Yes
aghe1239,yes,agq,Yes
aghu1255,yes,ahh,Yes
agob1244,yes,kit,Yes
agua1253,yes,agr,Yes
agut1237,yes,agn,Yes
aheu1239,yes,thm,Yes
aime1238,yes,ail,Yes
ainu1240,yes,ain,Yes
ajab1235,yes,ajg,Yes
ajie1238,yes,aji,Yes
akha1245,yes,ahk,Yes
akoo1248,yes,bss,Yes
alab1237,yes,akz,Yes
alac1244,yes,mim,Yes
alag1248,yes,wbj,Yes
aleu1260,yes,ale,Yes
alor1247,yes,aol,Yes
aluk1238,yes,xua,Yes
amah1246,yes,amc,Yes
amap1240,yes,amm,Yes
amar1272,yes,aie,Yes
amar1274,yes,amr,Yes
amas1236,yes,nyi,Yes
amdo1237,yes,adx,Yes
amii1238,yes,amy,Yes
amis1246,yes,ami,Yes
amri1238,yes,ajz,Yes
anei1239,yes,aty,Yes
anga1288,yes,njm,Yes
anuf1239,yes,cko,Yes
anut1237,yes,aud,Yes
anuu1241,yes,anl,Yes
aona1235,yes,njo,Yes
apat1240,yes,apt,Yes
apin1244,yes,apn,Yes
apma1240,yes,app,Yes
apur1254,yes,apu,Yes
arak1252,yes,akr,Yes
arao1248,yes,aro,Yes
arap1274,yes,arp,Yes
araw1273,yes,awt,Yes
arch1244,yes,aqc,Yes
area1240,yes,alu,Yes
aree1239,yes,mwc,Yes
arhu1242,yes,arh,Yes
arom1237,yes,rup,Yes
arop1242,yes,aps,Yes
arop1243,yes,apr,Yes
arta1239,yes,atz,Yes
ashe1272,yes,prq,Yes
assi1247,yes,asb,Yes
asur1254,yes,asr,Yes
atam1240,yes,atd,Yes
athp1241,yes,aph,Yes
aton1241,yes,aot,Yes
aulu1238,yes,aul,Yes
auuu1241,yes,avt,Yes
auye1238,yes,auu,Yes
awac1239,yes,kwi,Yes
awad1244,yes,bcu,Yes
awar1249,yes,aya,Yes
awet1244,yes,awe,Yes
axam1237,yes,ahb,Yes
axiy1235,yes,yix,Yes
ayac1239,yes,quy,Yes
ayiw1239,yes,nfl,Yes
azha1235,yes,aza,Yes
baba1264,yes,bbw,Yes
baba1266,yes,bbk,Yes
babi1235,yes,bcr,Yes
bafi1243,yes,ksf,Yes
bafu1246,yes,bfd,Yes
bagi1246,yes,bmi,Yes
bagv1239,yes,kva,Yes
baim1244,yes,bqh,Yes
baka1272,yes,bkc,Yes
baki1244,yes,bki,Yes
bala1311,yes,sse,Yes
bali1278,yes,ban,Yes
balu1257,yes,blq,Yes
bamu1253,yes,bax,Yes
band1344,yes,liy,Yes
bang1354,yes,bni,Yes
barg1252,yes,mlp,Yes
bari1286,yes,bch,Yes
baro1253,yes,bjk,Yes
bash1264,yes,bak,Yes
basq1248,yes,eus,Yes
bata1289,yes,bbc,Yes
bats1242,yes,bbl,Yes
baur1253,yes,brg,Yes
bawm1236,yes,bgr,Yes
bebe1248,yes,beb,Yes
beka1241,yes,bei,Yes
bekw1241,yes,bkv,Yes
bell1243,yes,blc,Yes
bemb1257,yes,bem,Yes
bezh1248,yes,kap,Yes
bian1252,yes,big,Yes
biao1253,yes,byk,Yes
biao1254,yes,bje,Yes
biao1256,yes,bmt,Yes
bier1244,yes,bnk,Yes
bign1238,yes,nmb,Yes
bili1260,yes,byn,Yes
bimi1240,yes,bhl,Yes
bina1277,yes,bhg,Yes
bini1246,yes,bin,Yes
bira1253,yes,bxe,Yes
bisu1244,yes,bzi,Yes
bitt1240,yes,bgk,Yes
biwa1243,yes,bwm,Yes
blab1237,yes,blp,Yes
blan1242,yes,blr,Yes
bodo1269,yes,brx,Yes
boht1238,yes,bhn,Yes
bola1250,yes,bnp,Yes
boly1239,yes,ply,Yes
bona1250,yes,peh,Yes
bond1245,yes,bfw,Yes
bond1247,yes,bou,Yes
bora1263,yes,boa,Yes
bord1248,yes,kvn,Yes
bori1243,yes,adi,Yes
boro1282,yes,bor,Yes
boto1242,yes,sbl,Yes
boun1243,yes,nku,Yes
brah1256,yes,brh,Yes
bret1244,yes,bre,Yes
brib1243,yes,bzd,Yes
budu1248,yes,bdk,Yes
budz1238,yes,bja,Yes
buga1247,yes,bbh,Yes
buga1250,yes,buk,Yes
bugl1243,yes,sab,Yes
bull1247,yes,buy,Yes
bulo1242,yes,sti,Yes
bumt1240,yes,kjz,Yes
bund1253,yes,bns,Yes
bura1292,yes,bwr,Yes
buru1296,yes,bsk,Yes
buru1320,yes,bds,Yes
busa1253,yes,bqp,Yes
bush1247,yes,buf,Yes
buwa1243,yes,bhs,Yes
bwai1242,yes,bwd,Yes
bwat1240,yes,bwa,Yes
caac1237,yes,msq,Yes
cacu1241,yes,cbv,Yes
cahu1264,yes,chl,Yes
cakf1236,yes,cky,Yes
cald1236,yes,qud,Yes
camp1261,yes,sro,Yes
cane1242,yes,ram,Yes
caom1238,yes,cov,Yes
capa1241,yes,kaq,Yes
carn1240,yes,caq,Yes
caro1242,yes,cal,Yes
cash1251,yes,cbr,Yes
cavi1250,yes,cav,Yes
cemu1238,yes,cam,Yes
cent1990,yes,ncb,Yes
cent1992,yes,cmo,Yes
cent2004,yes,bca,Yes
cent2084,yes,agt,Yes
cent2087,yes,bcl,Yes
cent2090,yes,tgt,Yes
cent2126,yes,ryu,Yes
cent2127,yes,esu,Yes
cent2131,yes,tar,Yes
cent2140,yes,csm,Yes
cent2142,yes,ayr,Yes
cent2150,yes,tuf,Yes
chac1251,yes,cao,Yes
chak1270,yes,ckh,Yes
chak1271,yes,cli,Yes
chal1275,yes,cld,Yes
cham1309,yes,cji,Yes
cham1312,yes,cha,Yes
chan1313,yes,nbc,Yes
chec1245,yes,che,Yes
chek1238,yes,mrn,Yes
chen1255,yes,cde,Yes
cher1273,yes,chr,Yes
chic1270,yes,cic,Yes
chil1280,yes,clc,Yes
chim1302,yes,qug,Yes
chip1241,yes,ciw,Yes
chip1261,yes,chp,Yes
chiq1248,yes,cax,Yes
chir1283,yes,cdf,Yes
choc1276,yes,cho,Yes
chon1284,yes,cog,Yes
chot1239,yes,nct,Yes
chra1242,yes,crw,Yes
chug1252,yes,cvg,Yes
chuj1250,yes,cac,Yes
chuk1273,yes,ckt,Yes
chuw1238,yes,chw,Yes
cici1237,yes,awc,Yes
coat1243,yes,zps,Yes
coca1259,yes,cod,Yes
coeu1236,yes,crd,Yes
coma1245,yes,com,Yes
como1259,yes,coo,Yes
copa1237,yes,trc,Yes
cors1241,yes,cos,Yes
cree1270,yes,mus,Yes
crim1257,yes,crh,Yes
cros1244,yes,mfn,Yes
crow1244,yes,cro,Yes
cube1242,yes,cub,Yes
culi1244,yes,cul,Yes
cusc1236,yes,quz,Yes
daai1236,yes,dao,Yes
dadi1250,yes,mps,Yes
dagb1246,yes,dag,Yes
dagi1241,yes,dec,Yes
daka1243,yes,bpa,Yes
damp1237,yes,dms,Yes
dana1252,yes,dnu,Yes
dand1238,yes,daq,Yes
dani1285,yes,dan,Yes
darm1243,yes,drd,Yes
daur1238,yes,dta,Yes
daza1242,yes,dzg,Yes
dege1246,yes,deg,Yes
dehu1237,yes,dhv,Yes
dera1248,yes,kna,Yes
desa1247,yes,des,Yes
dhao1237,yes,nfa,Yes
dido1241,yes,ddo,Yes
diga1241,yes,mhu,Yes
digo1243,yes,dig,Yes
dima1251,yes,dis,Yes
djam1255,yes,djd,Yes
djin1251,yes,jig,Yes
domm1246,yes,doa,Yes
dong1285,yes,sce,Yes
doro1266,yes,kqc,Yes
drun1238,yes,duu,Yes
dumb1241,yes,duf,Yes
dupa1235,yes,duo,Yes
dzao1238,yes,bpn,Yes
dzon1239,yes,dzo,Yes
east2328,yes,mhr,Yes
east2342,yes,eky,Yes
east2443,yes,omb,Yes
east2447,yes,fud,Yes
east2485,yes,pez,Yes
east2516,yes,kjs,Yes
east2555,yes,gui,Yes
east2556,yes,otm,Yes
eipo1242,yes,eip,Yes
ekar1243,yes,ekg,Yes
elna1235,yes,crn,Yes
emae1237,yes,mmw,Yes
emai1241,yes,ema,Yes
embe1260,yes,cto,Yes
embe1262,yes,cmi,Yes
enuu1235,yes,enu,Yes
epen1239,yes,sja,Yes
ersu1241,yes,ers,Yes
erzy1239,yes,myv,Yes
esee1248,yes,ese,Yes
esim1238,yes,ags,Yes
esto1258,yes,ekk,Yes
even1259,yes,evn,Yes
even1260,yes,eve,Yes
fare1241,yes,gur,Yes
faro1244,yes,fao,Yes
fonn1241,yes,fon,Yes
fore1265,yes,enf,Yes
fran1266,yes,zos,Yes
fuln1247,yes,fun,Yes
furr1244,yes,fvr,Yes
futu1245,yes,fut,Yes
fuyu1242,yes,fuy,Yes
gade1242,yes,ged,Yes
gaga1249,yes,gag,Yes
gahr1239,yes,bfu,Yes
gali1258,yes,glg,Yes
gali1262,yes,car,Yes
galo1242,yes,adl,Yes
gang1266,yes,gnb,Yes
gant1244,yes,gao,Yes
gapa1238,yes,pwg,Yes
garo1247,yes,grt,Yes
gata1239,yes,gaq,Yes
gayo1244,yes,gay,Yes
geba1237,yes,kvq,Yes
geda1237,yes,gdd,Yes
gela1263,yes,nlg,Yes
ghad1239,yes,gha,Yes
ghan1242,yes,ghn,Yes
ghar1239,yes,gri,Yes
gheg1238,yes,aln,Yes
ghod1238,yes,gdo,Yes
ghom1257,yes,gho,Yes
gilb1244,yes,gil,Yes
gily1242,yes,niv,Yes
gira1247,yes,bbr,Yes
glav1244,yes,glw,Yes
gogo1265,yes,ggw,Yes
gola1255,yes,gol,Yes
guah1255,yes,guh,Yes
guan1266,yes,jiq,Yes
guan1269,yes,gvc,Yes
gude1246,yes,gde,Yes
guer1243,yes,amu,Yes
guhu1244,yes,ghs,Yes
guiq1238,yes,gqi,Yes
guma1254,yes,gvs,Yes
gunw1252,yes,gup,Yes
guru1271,yes,grd,Yes
gyel1242,yes,gyi,Yes
haaa1252,yes,haq,Yes
hadz1240,yes,hts,Yes
halh1238,yes,khk,Yes
hali1244,yes,hla,Yes
halk1245,yes,hur,Yes
hang1263,yes,wos,Yes
hani1248,yes,hni,Yes
hano1246,yes,lml,Yes
haru1245,yes,tmd,Yes
hava1248,yes,yuf,Yes
hawa1245,yes,haw,Yes
here1253,yes,her,Yes
hida1246,yes,hid,Yes
high1276,yes,poi,Yes
hixk1239,yes,hix,Yes
hoaa1235,yes,huc,Yes
hoav1238,yes,hoa,Yes
hone1235,yes,juh,Yes
honi1244,yes,how,Yes
hooo1248,yes,hoc,Yes
hopi1249,yes,hop,Yes
horp1239,yes,ero,Yes
hote1245,yes,hot,Yes
huaa1248,yes,nmn,Yes
hual1241,yes,qub,Yes
huam1247,yes,hub,Yes
huar1255,yes,var,Yes
huas1242,yes,hus,Yes
huba1236,yes,hbb,Yes
huic1243,yes,hch,Yes
hula1239,yes,hul,Yes
humb1243,yes,hmb,Yes
hung1274,yes,hun,Yes
hunz1247,yes,huz,Yes
hupd1244,yes,jup,Yes
huuu1240,yes,huo,Yes
iaai1238,yes,iai,Yes
iatm1242,yes,ian,Yes
ibal1244,yes,ibl,Yes
iban1267,yes,ibg,Yes
ibat1238,yes,ivb,Yes
icel1247,yes,isl,Yes
idii1243,yes,idi,Yes
idum1241,yes,clk,Yes
idun1242,yes,viv,Yes
ikkk1242,yes,ikx,Yes
iliu1237,yes,ilu,Yes
imba1240,yes,qvi,Yes
ingr1248,yes,izh,Yes
ingu1240,yes,inh,Yes
irar1238,yes,irh,Yes
irul1243,yes,iru,Yes
isco1239,yes,isc,Yes
isin1239,yes,inn,Yes
isir1237,yes,srl,Yes
isna1241,yes,isd,Yes
isth1240,yes,nhk,Yes
iton1250,yes,ito,Yes
itza1241,yes,itz,Yes
iumi1238,yes,ium,Yes
ivat1242,yes,ivv,Yes
iyoo1238,yes,nca,Yes
jalk1242,yes,bxl,Yes
jama1261,yes,jaa,Yes
jams1239,yes,djm,Yes
jaqa1244,yes,jqr,Yes
jara1266,yes,jra,Yes
jeha1242,yes,jhi,Yes
jenn1240,yes,xuj,Yes
jina1244,yes,jia,Yes
juan1238,yes,jun,Yes
jurm1239,yes,bex,Yes
kaba1278,yes,kbd,Yes
kaba1281,yes,ksp,Yes
kach1280,yes,kac,Yes
kach1284,yes,kcx,Yes
kada1242,yes,kej,Yes
kaga1256,yes,cgc,Yes
kagu1239,yes,kki,Yes
kaik1246,yes,kzq,Yes
kala1384,yes,kck,Yes
kala1388,yes,kqe,Yes
kala1399,yes,kal,Yes
kali1308,yes,fla,Yes
kalm1243,yes,xal,Yes
kamb1299,yes,xbr,Yes
kamm1249,yes,kdx,Yes
kamu1260,yes,xla,Yes
kana1286,yes,xnb,Yes
kana1291,yes,knm,Yes
kani1286,yes,kmu,Yes
kank1243,yes,kne,Yes
kaqc1270,yes,cak,Yes
kara1482,yes,kah,Yes
kara1486,yes,leu,Yes
kara1487,yes,kyj,Yes
kara1500,yes,kpj,Yes
karb1241,yes,mjw,Yes
kare1335,yes,krl,Yes
kare1338,yes,kbn,Yes
kari1311,yes,ktn,Yes
karo1304,yes,kyh,Yes
kash1277,yes,kas,Yes
katb1237,yes,tmb,Yes
kats1235,yes,kaf,Yes
kava1241,yes,ckv,Yes
kaya1315,yes,pdu,Yes
keap1239,yes,khz,Yes
keda1252,yes,ksx,Yes
keig1242,yes,kec,Yes
kele1258,yes,sbc,Yes
kele1259,yes,ify,Yes
kemb1249,yes,xem,Yes
kens1248,yes,kns,Yes
keoo1238,yes,xxk,Yes
kera1255,yes,ker,Yes
kesa1244,yes,xes,Yes
kett1243,yes,ket,Yes
kgal1244,yes,xkv,Yes
khak1248,yes,kjh,Yes
kham1282,yes,khg,Yes
khan1274,yes,kjm,Yes
khan1278,yes,ogo,Yes
khar1288,yes,kfw,Yes
khas1269,yes,kha,Yes
khez1235,yes,nkh,Yes
khin1240,yes,kjj,Yes
khmu1256,yes,kjg,Yes
khva1239,yes,khv,Yes
kich1262,yes,quc,Yes
kiku1240,yes,kik,Yes
kili1267,yes,kij,Yes
kimm1245,yes,mji,Yes
kiow1266,yes,kio,Yes
kips1239,yes,sgc,Yes
koda1255,yes,kfa,Yes
koho1244,yes,kpm,Yes
koir1240,yes,nkd,Yes
koit1244,yes,kqi,Yes
koko1269,yes,kkk,Yes
kola1285,yes,kvv,Yes
kolb1240,yes,klc,Yes
kolc1235,yes,biw,Yes
kolu1245,yes,klx,Yes
komb1274,yes,tyn,Yes
komc1235,yes,bkm,Yes
komi1268,yes,kpv,Yes
komi1269,yes,koi,Yes
komi1270,yes,kmm,Yes
kona1242,yes,kxw,Yes
konk1267,yes,knn,Yes
kony1248,yes,nbe,Yes
kore1280,yes,kor,Yes
koro1298,yes,kfz,Yes
kosa1249,yes,kkl,Yes
kosr1238,yes,kos,Yes
kota1263,yes,kfe,Yes
koti1238,yes,eko,Yes
kove1237,yes,kvc,Yes
koyr1240,yes,khq,Yes
koyr1242,yes,ses,Yes
koys1242,yes,kqd,Yes
kryt1240,yes,kry,Yes
kuik1246,yes,kui,Yes
kuku1273,yes,gvn,Yes
kuma1276,yes,nee,Yes
kuma1280,yes,kue,Yes
kumb1268,yes,kgs,Yes
kunb1251,yes,wlg,Yes
kuni1267,yes,kup,Yes
kunj1245,yes,kjn,Yes
kuot1243,yes,kto,Yes
kurr1243,yes,vku,Yes
kusa1251,yes,ksg,Yes
kusu1250,yes,kgg,Yes
kute1248,yes,kub,Yes
kuyy1240,yes,kdt,Yes
kwai1243,yes,kwd,Yes
kwam1249,yes,kmq,Yes
kwam1252,yes,tnk,Yes
kwar1239,yes,kwf,Yes
kwaz1243,yes,xwa,Yes
kweg1241,yes,xwg,Yes
kwom1262,yes,kmo,Yes
kxoe1243,yes,xuu,Yes
kyer1238,yes,kgy,Yes
laal1242,yes,gdm,Yes
lach1248,yes,lbt,Yes
lagw1237,yes,kot,Yes
lahu1252,yes,lhi,Yes
lahu1253,yes,lhu,Yes
lakk1252,yes,lbe,Yes
lala1264,yes,leb,Yes
lala1268,yes,nrz,Yes
lama1277,yes,slp,Yes
lamb1269,yes,lmn,Yes
lamk1238,yes,lmk,Yes
lang1320,yes,lag,Yes
lash1243,yes,lsi,Yes
lave1248,yes,lbo,Yes
lavu1241,yes,lvk,Yes
lazz1240,yes,lzz,Yes
lega1249,yes,lea,Yes
lele1267,yes,lpa,Yes
lele1270,yes,lle,Yes
lele1276,yes,lln,Yes
lemb1266,yes,leq,Yes
lena1238,yes,tnl,Yes
lend1245,yes,led,Yes
leng1259,yes,lgr,Yes
lese1243,yes,les,Yes
leti1246,yes,lti,Yes
lewo1242,yes,lww,Yes
lewo1244,yes,lwt,Yes
lezg1247,yes,lez,Yes
liji1238,yes,mgi,Yes
lika1243,yes,lik,Yes
lill1248,yes,lil,Yes
ling1265,yes,lgk,Yes
lipo1242,yes,lpo,Yes
lisu1250,yes,lis,Yes
lith1251,yes,lit,Yes
litz1237,yes,lzl,Yes
livv1243,yes,olo,Yes
logo1259,yes,log,Yes
loka1252,yes,yaz,Yes
lolo1259,yes,ycl,Yes
lomb1257,yes,lmo,Yes
long1395,yes,lgu,Yes
loni1238,yes,los,Yes
lote1237,yes,uvl,Yes
loth1237,yes,njh,Yes
louu1245,yes,loj,Yes
lowl1260,yes,clo,Yes
lowl1265,yes,tac,Yes
luan1263,yes,lex,Yes
ludi1246,yes,lud,Yes
lugb1240,yes,lgg,Yes
lugu1238,yes,ruf,Yes
lule1254,yes,smj,Yes
lumu1239,yes,lmd,Yes
lund1266,yes,lun,Yes
luok1236,yes,luo,Yes
lush1249,yes,lus,Yes
luva1239,yes,lue,Yes
luya1241,yes,lyn,Yes
maan1238,yes,mhy,Yes
maba1277,yes,mde,Yes
mace1250,yes,mkd,Yes
maco1239,yes,wpc,Yes
macu1260,yes,myy,Yes
mada1285,yes,mmx,Yes
madi1260,yes,mhi,Yes
maee1241,yes,mme,Yes
magd1235,yes,xtm,Yes
maib1239,yes,ayz,Yes
mail1248,yes,mgu,Yes
mais1250,yes,mbq,Yes
maja1242,yes,mpe,Yes
maka1304,yes,mcp,Yes
makc1235,yes,mkg,Yes
makh1264,yes,vmw,Yes
makh1266,yes,xsq,Yes
mako1251,yes,kde,Yes
mala1463,yes,mjr,Yes
mala1522,yes,mbp,Yes
male1289,yes,mgl,Yes
male1297,yes,gut,Yes
mali1285,yes,tcf,Yes
malo1243,yes,mla,Yes
malt1254,yes,mlt,Yes
malu1245,yes,mll,Yes
mama1275,yes,mmn,Yes
mamb1294,yes,mcs,Yes
mamb1306,yes,mgm,Yes
mamm1241,yes,mam,Yes
mana1288,yes,nmm,Yes
mana1295,yes,mva,Yes
mana1298,yes,mle,Yes
mand1440,yes,tbf,Yes
mang1378,yes,zng,Yes
mang1381,yes,mpc,Yes
mang1394,yes,mdj,Yes
mang1401,yes,mrv,Yes
mang1403,yes,mbh,Yes
mang1405,yes,mqy,Yes
manm1238,yes,mml,Yes
maor1246,yes,mri,Yes
mapo1242,yes,bzh,Yes
mapu1245,yes,arn,Yes
mara1379,yes,nma,Yes
mara1382,yes,mrh,Yes
mara1386,yes,zmr,Yes
mara1399,yes,mrs,Yes
marg1265,yes,mrt,Yes
mari1416,yes,nng,Yes
mari1426,yes,mrb,Yes
mari1428,yes,dad,Yes
mari1440,yes,mrc,Yes
mars1254,yes,mah,Yes
maru1249,yes,mhx,Yes
masa1322,yes,mcn,Yes
mask1242,yes,klv,Yes
matb1237,yes,xmt,Yes
mati1250,yes,mbt,Yes
mato1252,yes,met,Yes
mats1244,yes,mcf,Yes
matu1261,yes,mjk,Yes
maun1240,yes,mph,Yes
maxa1247,yes,mbl,Yes
mayo1261,yes,mdm,Yes
mayo1264,yes,mfy,Yes
maza1304,yes,dkx,Yes
mban1263,yes,zmz,Yes
mbar1260,yes,mpk,Yes
mbay1241,yes,myb,Yes
mboc1235,yes,mbo,Yes
mbul1263,yes,mna,Yes
mbya1239,yes,gun,Yes
mehe1243,yes,nux,Yes
meke1243,yes,mek,Yes
melp1238,yes,med,Yes
mere1242,yes,lmb,Yes
meru1245,yes,mer,Yes
meta1238,yes,mgo,Yes
mezo1235,yes,pbe,Yes
mezq1235,yes,ote,Yes
mich1245,yes,ncl,Yes
miju1243,yes,mxj,Yes
mika1239,yes,mik,Yes
mikm1235,yes,mic,Yes
mina1276,yes,hna,Yes
mini1251,yes,vmg,Yes
mini1256,yes,hto,Yes
misk1235,yes,miq,Yes
mixt1426,yes,zpm,Yes
miya1266,yes,mkf,Yes
mlab1235,yes,mra,Yes
moba1244,yes,mfq,Yes
moch1257,yes,mhc,Yes
moco1246,yes,moc,Yes
moke1242,yes,mwt,Yes
moki1238,yes,mkj,Yes
mokl1243,yes,mkm,Yes
mokp1239,yes,bri,Yes
moks1248,yes,mdf,Yes
mono1270,yes,mnh,Yes
mono1275,yes,mnr,Yes
mopa1243,yes,mop,Yes
morm1235,yes,mhz,Yes
mose1249,yes,cas,Yes
motl1237,yes,mlv,Yes
motu1246,yes,meu,Yes
moun1252,yes,kpx,Yes
movi1243,yes,mzp,Yes
moyo1238,yes,nmo,Yes
mpad1242,yes,mpi,Yes
mpii1239,yes,mpz,Yes
mpot1240,yes,mpa,Yes
mpur1239,yes,akc,Yes
mual1241,yes,mtd,Yes
mudu1239,yes,udg,Yes
mudu1242,yes,wiv,Yes
mull1237,yes,mpb,Yes
munc1235,yes,mwq,Yes
mund1320,yes,unr,Yes
mund1325,yes,mua,Yes
mund1328,yes,boe,Yes
mund1330,yes,myu,Yes
murl1244,yes,mur,Yes
muru1274,yes,huu,Yes
musa1266,yes,mmq,Yes
muso1238,yes,msu,Yes
mwag1236,yes,sur,Yes
mwer1248,yes,mwe,Yes
naka1262,yes,nak,Yes
nali1244,yes,nal,Yes
namb1293,yes,ncm,Yes
namu1246,yes,nmy,Yes
nana1257,yes,gld,Yes
nand1266,yes,niq,Yes
nang1262,yes,ngr,Yes
naue1237,yes,nxa,Yes
nava1243,yes,nav,Yes
nawu1242,yes,naw,Yes
ndam1239,yes,ndj,Yes
ndog1248,yes,ndz,Yes
negi1245,yes,neg,Yes
nend1239,yes,anh,Yes
nene1249,yes,yrk,Yes
neng1238,yes,nen,Yes
nenn1238,yes,nqn,Yes
nezp1238,yes,nez,Yes
ngaa1240,yes,ntj,Yes
ngab1239,yes,gym,Yes
ngal1292,yes,ngk,Yes
ngam1268,yes,sba,Yes
ngan1291,yes,nio,Yes
ngar1235,yes,nbj,Yes
ngar1284,yes,ung,Yes
ngas1240,yes,anc,Yes
ngba1284,yes,nbm,Yes
ngba1285,yes,nga,Yes
ngit1239,yes,niy,Yes
nhen1239,yes,yrl,Yes
niha1238,yes,nll,Yes
nila1242,yes,nim,Yes
niva1238,yes,cag,Yes
noct1238,yes,njb,Yes
noku1237,yes,nkk,Yes
noon1242,yes,snf,Yes
noon1243,yes,nhu,Yes
nopa1235,yes,cya,Yes
nort2671,yes,sme,Yes
nort2684,yes,kxm,Yes
nort2690,yes,uzn,Yes
nort2697,yes,azj,Yes
nort2702,yes,gno,Yes
nort2722,yes,cng,Yes
nort2723,yes,pmi,Yes
nort2732,yes,tji,Yes
nort2745,yes,ykg,Yes
nort2747,yes,hea,Yes
nort2774,yes,ngb,Yes
nort2839,yes,mmg,Yes
nort2845,yes,mrq,Yes
nort2877,yes,xnn,Yes
nort2885,yes,stb,Yes
nort2930,yes,kiw,Yes
nort2938,yes,hdn,Yes
nort2942,yes,scs,Yes
nort2954,yes,pao,Yes
nort2957,yes,ncj,Yes
nort2959,yes,ntp,Yes
nort2961,yes,ojb,Yes
nort2972,yes,emp,Yes
nort2980,yes,qvn,Yes
nort3047,yes,gis,Yes
nots1237,yes,ncf,Yes
nsen1242,yes,nse,Yes
nucl1235,yes,hye,Yes
nucl1240,yes,mzm,Yes
nucl1302,yes,kat,Yes
nucl1417,yes,ibo,Yes
nucl1458,yes,mxk,Yes
nucl1593,yes,kwo,Yes
nucl1622,yes,mrz,Yes
nucl1630,yes,bbb,Yes
nucl1633,yes,nir,Yes
nucl1643,yes,jpn,Yes
nucl1706,yes,mid,Yes
nukn1238,yes,klt,Yes
nung1282,yes,nun,Yes
nusu1239,yes,nuf,Yes
nyah1250,yes,cbn,Yes
nyak1260,yes,nyy,Yes
nyal1254,yes,yly,Yes
nyan1307,yes,nyn,Yes
nyat1246,yes,rim,Yes
nyor1246,yes,nyo,Yes
obok1239,yes,afz,Yes
occi1239,yes,oci,Yes
ofay1240,yes,opy,Yes
okan1243,yes,oka,Yes
okin1246,yes,okn,Yes
oksa1245,yes,opm,Yes
oloo1241,yes,ong,Yes
olut1240,yes,plo,Yes
omie1241,yes,aom,Yes
onon1246,yes,ono,Yes
onto1237,yes,ojv,Yes
oroc1248,yes,oac,Yes
orok1265,yes,oaa,Yes
orok1267,yes,oro,Yes
orok1269,yes,okv,Yes
orow1242,yes,bpk,Yes
otta1242,yes,otw,Yes
owaa1237,yes,stn,Yes
paaa1242,yes,pqa,Yes
paas1238,yes,sig,Yes
paco1243,yes,pac,Yes
pagi1243,yes,pae,Yes
pagu1249,yes,pgu,Yes
pahn1237,yes,pha,Yes
pait1244,yes,pck,Yes
pala1344,yes,pau,Yes
pamo1252,yes,pmf,Yes
pamp1243,yes,pam,Yes
pana1307,yes,kre,Yes
pang1287,yes,pbr,Yes
pang1290,yes,pag,Yes
pany1241,yes,pnw,Yes
papa1265,yes,ppn,Yes
para1301,yes,prk,Yes
para1302,yes,pzn,Yes
patp1243,yes,gfk,Yes
paul1238,yes,plh,Yes
pawn1254,yes,paw,Yes
payn1244,yes,pmr,Yes
peer1241,yes,pfe,Yes
pela1242,yes,bxd,Yes
pemo1248,yes,aoc,Yes
pend1242,yes,ums,Yes
peng1244,yes,peg,Yes
phai1238,yes,prt,Yes
phom1236,yes,nph,Yes
pich1237,yes,cpu,Yes
pila1245,yes,plg,Yes
pile1238,yes,piv,Yes
pima1248,yes,pia,Yes
pina1252,yes,pnn,Yes
pite1240,yes,sje,Yes
plai1258,yes,crk,Yes
pnar1238,yes,pbv,Yes
pohn1238,yes,pon,Yes
poko1263,yes,pko,Yes
popt1235,yes,jac,Yes
port1285,yes,psw,Yes
psik1239,yes,kvj,Yes
puka1242,yes,pkp,Yes
pulu1242,yes,puw,Yes
pura1257,yes,iar,Yes
pure1242,yes,tsz,Yes
puri1258,yes,prx,Yes
qanj1241,yes,kjb,Yes
qawa1238,yes,alc,Yes
quer1236,yes,otq,Yes
quio1240,yes,chq,Yes
rabh1238,yes,rah,Yes
rade1240,yes,rad,Yes
rapa1244,yes,rap,Yes
rapa1245,yes,ray,Yes
raro1241,yes,rar,Yes
rata1244,yes,rth,Yes
remb1250,yes,reb,Yes
reng1252,yes,ren,Yes
renn1242,yes,mnv,Yes
rere1240,yes,pgk,Yes
rikb1245,yes,rkb,Yes
roma1326,yes,roh,Yes
romb1245,yes,rol,Yes
rong1264,yes,rnp,Yes
rong1266,yes,nbu,Yes
ronn1241,yes,cla,Yes
roto1249,yes,roo,Yes
rotu1241,yes,rtm,Yes
ruch1235,yes,pce,Yes
ruka1240,yes,dru,Yes
ruma1248,yes,rbb,Yes
rung1258,yes,rou,Yes
russ1264,yes,bxr,Yes
saaa1241,yes,sax,Yes
saar1237,yes,sxr,Yes
saba1268,yes,sae,Yes
sabu1255,yes,hvn,Yes
saga1262,yes,tga,Yes
sais1237,yes,xsy,Yes
saka1289,yes,sku,Yes
samb1305,yes,ndi,Yes
samb1311,yes,ccg,Yes
samo1305,yes,smo,Yes
sanb1241,yes,zpx,Yes
sanb1242,yes,cuk,Yes
sand1278,yes,hve,Yes
sang1331,yes,sng,Yes
sani1269,yes,ysn,Yes
sanj1284,yes,zab,Yes
sanm1289,yes,qvs,Yes
sanm1295,yes,mig,Yes
sant1436,yes,mza,Yes
sant1451,yes,zpi,Yes
sanu1240,yes,xsu,Yes
sapu1248,yes,spu,Yes
sara1321,yes,kwv,Yes
sars1236,yes,srs,Yes
sasa1249,yes,sas,Yes
sauk1252,yes,skc,Yes
saur1249,yes,mjt,Yes
savo1255,yes,svs,Yes
seda1262,yes,sed,Yes
seim1238,yes,ssg,Yes
seke1241,yes,ske,Yes
sela1259,yes,slu,Yes
selk1253,yes,sel,Yes
sema1265,yes,szc,Yes
seme1247,yes,sza,Yes
sene1264,yes,see,Yes
seri1257,yes,sei,Yes
seve1240,yes,ojs,Yes
shab1252,yes,sbf,Yes
shan1283,yes,swo,Yes
shaw1249,yes,sjw,Yes
shee1238,yes,shx,Yes
shil1265,yes,shk,Yes
ship1254,yes,shp,Yes
shix1238,yes,sxg,Yes
shol1240,yes,sle,Yes
shor1247,yes,cjs,Yes
shos1248,yes,shh,Yes
shua1257,yes,jiv,Yes
shwe1236,yes,pll,Yes
sich1238,yes,iii,Yes
sici1248,yes,scn,Yes
siee1239,yes,erg,Yes
sier1250,yes,zaa,Yes
sika1261,yes,sky,Yes
siks1238,yes,bla,Yes
sile1255,yes,sbq,Yes
sina1266,yes,snc,Yes
sing1264,yes,sgp,Yes
sioo1240,yes,xsi,Yes
siri1273,yes,srq,Yes
siwi1239,yes,siz,Yes
skol1241,yes,sms,Yes
soch1239,yes,cso,Yes
soga1242,yes,xog,Yes
sons1242,yes,sov,Yes
sooo1254,yes,sss,Yes
sout2649,yes,pbt,Yes
sout2674,yes,sma,Yes
sout2679,yes,vro,Yes
sout2728,yes,qxs,Yes
sout2729,yes,pmj,Yes
sout2730,yes,bfs,Yes
sout2782,yes,fal,Yes
sout2856,yes,erk,Yes
sout2857,yes,sns,Yes
sout2869,yes,nwi,Yes
sout2895,yes,nxl,Yes
sout2918,yes,ssb,Yes
sout2954,yes,ams,Yes
sout2959,yes,xsl,Yes
sout2976,yes,stp,Yes
sout2985,yes,skd,Yes
sout2994,yes,nab,Yes
sout2996,yes,ayc,Yes
sude1239,yes,tgo,Yes
sumi1235,yes,nsm,Yes
sund1252,yes,sun,Yes
supy1237,yes,spp,Yes
surs1246,yes,sgz,Yes
taba1263,yes,tby,Yes
tabo1241,yes,knv,Yes
taga1272,yes,bgs,Yes
taha1241,yes,thv,Yes
tahi1242,yes,tah,Yes
taia1239,yes,gpn,Yes
taji1246,yes,tdj,Yes
taku1257,yes,nho,Yes
tama1365,yes,taq,Yes
tane1237,yes,tnx,Yes
tang1336,yes,nmf,Yes
tang1347,yes,tgp,Yes
tara1313,yes,tro,Yes
tari1256,yes,tae,Yes
tari1263,yes,rif,Yes
tata1255,yes,tat,Yes
tata1257,yes,txx,Yes
taul1251,yes,tuh,Yes
taus1251,yes,tsg,Yes
taus1253,yes,trr,Yes
taya1257,yes,thz,Yes
tbol1240,yes,tbl,Yes
tean1237,yes,tkw,Yes
teda1241,yes,tuq,Yes
tedi1235,yes,ctd,Yes
teke1275,yes,teg,Yes
tekt1235,yes,ttc,Yes
temi1246,yes,tea,Yes
tene1248,yes,dtk,Yes
tenn1246,yes,tex,Yes
teop1238,yes,tio,Yes
tera1251,yes,ttr,Yes
teri1250,yes,tfr,Yes
term1237,yes,twu,Yes
tete1251,yes,nhg,Yes
tezo1238,yes,mxb,Yes
thad1238,yes,tcz,Yes
ticu1245,yes,tca,Yes
tief1242,yes,tiq,Yes
tiga1245,yes,tgc,Yes
tigo1236,yes,nza,Yes
tika1246,yes,tik,Yes
tiko1237,yes,tkp,Yes
tiri1258,yes,cir,Yes
tita1241,yes,ttv,Yes
toab1237,yes,mlu,Yes
toar1246,yes,tqo,Yes
toba1268,yes,tmf,Yes
tobe1252,yes,tlb,Yes
toho1245,yes,ood,Yes
tojo1241,yes,toj,Yes
toke1240,yes,tkl,Yes
tong1308,yes,tnz,Yes
tong1318,yes,toi,Yes
tong1325,yes,ton,Yes
toor1238,yes,ttj,Yes
tosk1239,yes,als,Yes
tote1238,yes,ttl,Yes
toto1302,yes,txo,Yes
trio1238,yes,tri,Yes
trum1247,yes,tpy,Yes
tsat1238,yes,huq,Yes
tsha1245,yes,tsj,Yes
tsis1238,yes,tsw,Yes
tsog1243,yes,tsv,Yes
tswa1255,yes,tsc,Yes
tugu1245,yes,tzn,Yes
tuka1248,yes,khc,Yes
tuki1240,yes,bag,Yes
tula1252,yes,tul,Yes
tulu1258,yes,tcy,Yes
tung1290,yes,lcm,Yes
tunn1238,yes,tqq,Yes
turk1303,yes,klj,Yes
turk1304,yes,tuk,Yes
tusc1257,yes,tus,Yes
tutu1241,yes,tmi,Yes
tuva1244,yes,tvl,Yes
tuvi1240,yes,tyv,Yes
tuwa1243,yes,ifk,Yes
tuwu1238,yes,bov,Yes
ubir1237,yes,ubr,Yes
udih1248,yes,ude,Yes
udii1243,yes,udi,Yes
ughe1237,yes,uge,Yes
ulch1241,yes,ulc,Yes
ulit1238,yes,uli,Yes
umbu1257,yes,umb,Yes
umbu1258,yes,ubu,Yes
umes1235,yes,sju,Yes
unua1237,yes,onu,Yes
uppe1275,yes,tku,Yes
urar1246,yes,ura,Yes
urav1235,yes,uur,Yes
urim1252,yes,uri,Yes
urip1239,yes,upv,Yes
utes1238,yes,ute,Yes
veps1250,yes,vep,Yes
viem1243,yes,vig,Yes
voti1245,yes,vot,Yes
vunj1238,yes,vun,Yes
vure1239,yes,msn,Yes
wage1238,yes,waq,Yes
waig1244,yes,wgo,Yes
waim1251,yes,rro,Yes
waiw1244,yes,waw,Yes
wala1266,yes,lgl,Yes
wall1257,yes,wls,Yes
wand1267,yes,wad,Yes
wand1278,yes,mfi,Yes
waor1240,yes,auc,Yes
wara1294,yes,tci,Yes
wara1303,yes,wba,Yes
ward1246,yes,wrr,Yes
wari1268,yes,pav,Yes
warj1242,yes,aml,Yes
waru1265,yes,wrm,Yes
wash1253,yes,was,Yes
wawa1246,yes,www,Yes
waya1269,yes,way,Yes
wels1247,yes,cym,Yes
weri1253,yes,wer,Yes
west2354,yes,fry,Yes
west2386,yes,pnb,Yes
west2392,yes,mrj,Yes
west2396,yes,lcp,Yes
west2397,yes,brv,Yes
west2418,yes,mrd,Yes
west2430,yes,mmr,Yes
west2441,yes,are,Yes
west2466,yes,kza,Yes
west2516,yes,uve,Yes
west2519,yes,wyy,Yes
west2548,yes,drn,Yes
west2557,yes,suc,Yes
west2560,yes,bdr,Yes
west2594,yes,dnw,Yes
west2600,yes,mqs,Yes
west2615,yes,apw,Yes
west2632,yes,kjq,Yes
west2635,yes,knj,Yes
west2644,yes,ctp,Yes
west2650,yes,cja,Yes
west2763,yes,amw,Yes
whit1269,yes,tnp,Yes
wiru1244,yes,wiu,Yes
woii1237,yes,wbw,Yes
wola1253,yes,wle,Yes
woli1241,yes,wlo,Yes
wood1236,yes,cwd,Yes
wotu1240,yes,wtw,Yes
woun1238,yes,noa,Yes
wudi1238,yes,ywq,Yes
wusa1235,yes,yig,Yes
wuvu1239,yes,wuv,Yes
xara1244,yes,ane,Yes
xava1240,yes,xav,Yes
xish1235,yes,ywt,Yes
xokl1240,yes,xok,Yes
yaak1241,yes,muu,Yes
yagu1244,yes,yad,Yes
yaka1277,yes,yka,Yes
yaki1237,yes,yak,Yes
yaku1245,yes,sah,Yes
yale1246,yes,nce,Yes
yami1254,yes,tao,Yes
yami1256,yes,yaa,Yes
yano1261,yes,guu,Yes
yape1248,yes,yap,Yes
yapu1240,yes,yev,Yes
yaqu1251,yes,yaq,Yes
yare1248,yes,yrb,Yes
yatz1235,yes,zav,Yes
yaul1241,yes,yla,Yes
yaum1237,yes,yuw,Yes
yawa1260,yes,ywn,Yes
yecu1235,yes,tlc,Yes
yele1255,yes,yle,Yes
yems1235,yes,jnj,Yes
yidi1250,yes,yii,Yes
yind1247,yes,yij,Yes
yoga1237,yes,yog,Yes
yoku1256,yes,yok,Yes
yona1241,yes,yoi,Yes
yong1280,yes,yon,Yes
youl1235,yes,jiu,Yes
youn1235,yes,buh,Yes
yuca1254,yes,yua,Yes
yulu1243,yes,yul,Yes
yuqu1240,yes,yuq,Yes
yura1255,yes,yuz,Yes
zaba1237,yes,kji,Yes
zaca1241,yes,nhi,Yes
zaca1242,yes,ctz,Yes
zagh1240,yes,zag,Yes
zaiw1241,yes,atb,Yes
zani1235,yes,zpw,Yes
zarm1239,yes,dje,Yes
zaye1235,yes,kxk,Yes
zays1235,yes,zay,Yes
zeme1240,yes,nzm,Yes
zoog1238,yes,zpq,Yes
zuni1245,yes,zun,Yes
avac1239,no,avv,Yes
bong1289,no,bdg,Yes
chin1286,no,chh,Yes
fili1244,no,fil,Yes
guny1241,no,gyy,Yes
kuku1280,no,uwa,Yes
kwin1241,no,gww,Yes
labu1248,no,lbu,Yes
lush1252,no,lut,Yes
madn1237,no,zml,Yes
mart1255,no,vma,Yes
miya1259,no,mvi,Yes
muru1266,no,zmu,Yes
ngar1283,no,nji,Yes
nhan1238,no,nha,Yes
nucl1327,no,lmc,Yes
nyam1285,no,nmi,Yes
thao1240,no,ssf,Yes
timu1262,no,tih,Yes
tuba1278,no,tub,Yes
urni1239,no,urc,Yes
wang1291,no,wyb,Yes
yaey1239,no,rys,Yes
